record,task,channel,highpass,variant,half_width_sec,target_replaced,click_replaced,n_accepted,modified_samples,modified_fraction,delta_huber_250_500,delta_fit_250_500,change_huber,change_fit
A,1,Fz,0.1,original,0,0,0,80,0,0,-3.9733765851377,-3.95297979592288,0,0
A,1,F3,0.1,original,0,0,0,80,0,0,12.3751583854319,12.3918230623673,0,0
A,1,F4,0.1,original,0,0,0,80,0,0,10.898727452071,10.9285641281146,0,0
A,1,Fz,0.1,both_015,0.15,1,1,80,7700,0.0343988027429695,-3.97484346601232,-3.95436994299409,-0.00146688087461833,-0.00139014707120744
A,1,F3,0.1,both_015,0.15,1,1,80,7700,0.0343988027429695,12.3434483618031,12.3606285745341,-0.0317100236288574,-0.031194487833254
A,1,F4,0.1,both_015,0.15,1,1,80,7700,0.0343988027429695,10.8763148630605,10.9066093787669,-0.0224125890105764,-0.0219547493477315
A,1,Fz,0.1,both_030,0.3,1,1,80,15500,0.0692443431838996,-4.04292928070927,-4.02289941593437,-0.0695526955715691,-0.0699196200114827
A,1,F3,0.1,both_030,0.3,1,1,80,15500,0.0692443431838996,12.3326554672081,12.3489613912382,-0.042502918223807,-0.0428616711290832
A,1,F4,0.1,both_030,0.3,1,1,80,15500,0.0692443431838996,10.9108710832384,10.938776592969,0.0121436311673815,0.0102124648543818
A,1,Fz,0.1,target_030,0.3,1,0,80,15500,0.0692443431838996,-4.04292928070927,-4.02289941593437,-0.0695526955715691,-0.0699196200114827
A,1,F3,0.1,target_030,0.3,1,0,80,15500,0.0692443431838996,12.3326554672081,12.3489613912382,-0.042502918223807,-0.0428616711290832
A,1,F4,0.1,target_030,0.3,1,0,80,15500,0.0692443431838996,10.9108710832384,10.938776592969,0.0121436311673815,0.0102124648543818
A,1,Fz,0.5,original,0,0,0,80,0,0,0.544267107158222,0.571761674095901,0,0
A,1,F3,0.5,original,0,0,0,80,0,0,-0.0368020710321452,-0.0282680117991331,0,0
A,1,F4,0.5,original,0,0,0,80,0,0,2.44012485105202,2.45266325678771,0,0
A,1,Fz,0.5,both_015,0.15,1,1,80,7700,0.0343988027429695,0.551153542825667,0.578662181478223,0.00688643566744518,0.00690050738232173
A,1,F3,0.5,both_015,0.15,1,1,80,7700,0.0343988027429695,-0.0181890027246323,-0.00972677522384086,0.0186130683075129,0.0185412365752922
A,1,F4,0.5,both_015,0.15,1,1,80,7700,0.0343988027429695,2.46067115702097,2.47364909525147,0.0205463059689506,0.020985838463754
A,1,Fz,0.5,both_030,0.3,1,1,80,15500,0.0692443431838996,0.594233609413807,0.621664965215784,0.049966502255585,0.0499032911198836
A,1,F3,0.5,both_030,0.3,1,1,80,15500,0.0692443431838996,0.0140577286175781,0.0229467965642926,0.0508597996497233,0.0512148083634257
A,1,F4,0.5,both_030,0.3,1,1,80,15500,0.0692443431838996,2.52579946609297,2.53699660961151,0.085674615040952,0.0843333528238004
A,1,Fz,0.5,target_030,0.3,1,0,80,15500,0.0692443431838996,0.594233609413807,0.621664965215784,0.049966502255585,0.0499032911198836
A,1,F3,0.5,target_030,0.3,1,0,80,15500,0.0692443431838996,0.0140577286175781,0.0229467965642926,0.0508597996497233,0.0512148083634257
A,1,F4,0.5,target_030,0.3,1,0,80,15500,0.0692443431838996,2.52579946609297,2.53699660961151,0.085674615040952,0.0843333528238004
A,2,Fz,0.1,original,0,0,0,93,0,0,27.8750637717488,27.8705475714928,0,0
A,2,F3,0.1,original,0,0,0,93,0,0,61.3263000190524,61.3335755861694,0,0
A,2,F4,0.1,original,0,0,0,93,0,0,37.264905447395,37.2812602188732,0,0
A,2,Fz,0.1,both_015,0.15,1,1,93,15400,0.0669108478125801,27.8729343832819,27.8684397389343,-0.0021293884669582,-0.00210783255844404
A,2,F3,0.1,both_015,0.15,1,1,93,15400,0.0669108478125801,61.119896607213,61.1284298312411,-0.206403411839453,-0.205145754928239
A,2,F4,0.1,both_015,0.15,1,1,93,15400,0.0669108478125801,37.2206063218208,37.2370286495511,-0.0442991255742484,-0.0442315693221573
A,2,Fz,0.1,both_030,0.3,1,1,93,31000,0.134690667674674,27.8993068754683,27.8945899494304,0.0242431037194244,0.0240423779376542
A,2,F3,0.1,both_030,0.3,1,1,93,31000,0.134690667674674,61.3946479942884,61.4044942004784,0.0683479752359943,0.070918614309015
A,2,F4,0.1,both_030,0.3,1,1,93,31000,0.134690667674674,37.6059043179761,37.6202267802349,0.340998870581089,0.338966561361651
A,2,Fz,0.1,target_030,0.3,1,0,93,15500,0.0673453338373371,27.9815421166986,27.9775846620621,0.106478344949785,0.107037090569371
A,2,F3,0.1,target_030,0.3,1,0,93,15500,0.0673453338373371,61.2434488580594,61.2537581669882,-0.0828511609930018,-0.0798174191811967
A,2,F4,0.1,target_030,0.3,1,0,93,15500,0.0673453338373371,37.715297123977,37.7299325309171,0.45039167658198,0.448672312043904
A,2,Fz,0.1,click_030,0.3,0,1,93,15500,0.0673453338373371,27.791408092628,27.7865108286906,-0.0836556791208487,-0.0840367428021374
A,2,F3,0.1,click_030,0.3,0,1,93,15500,0.0673453338373371,61.4824072151425,61.4891673011159,0.156107196090097,0.155591714946532
A,2,F4,0.1,click_030,0.3,0,1,93,15500,0.0673453338373371,37.1559455880897,37.1719462901152,-0.108959859305365,-0.109313928758063
A,2,Fz,0.5,original,0,0,0,93,0,0,3.92100061789529,3.93603956990391,0,0
A,2,F3,0.5,original,0,0,0,93,0,0,18.5335052512627,18.5376391254823,0,0
A,2,F4,0.5,original,0,0,0,93,0,0,0.00895780060882143,0.0253035688615928,0,0
A,2,Fz,0.5,both_015,0.15,1,1,93,15400,0.0669108478125801,3.91765373321732,3.93272555776714,-0.0033468846779745,-0.00331401213676763
A,2,F3,0.5,both_015,0.15,1,1,93,15400,0.0669108478125801,18.5253378303233,18.5294024804896,-0.00816742093942935,-0.00823664499279531
A,2,F4,0.5,both_015,0.15,1,1,93,15400,0.0669108478125801,0.0065668884972564,0.0226687689348345,-0.00239091211156503,-0.00263479992675825
A,2,Fz,0.5,both_030,0.3,1,1,93,31000,0.134690667674674,3.84884658927192,3.86369212180093,-0.0721540286233666,-0.0723474481029793
A,2,F3,0.5,both_030,0.3,1,1,93,31000,0.134690667674674,18.4460645013118,18.4499953341421,-0.0874407499508791,-0.0876437913402164
A,2,F4,0.5,both_030,0.3,1,1,93,31000,0.134690667674674,-0.198548882013405,-0.181970985363192,-0.207506682622227,-0.207274554224785
A,2,Fz,0.5,target_030,0.3,1,0,93,15500,0.0673453338373371,3.85278986683259,3.86763732436909,-0.0682107510626961,-0.0684022455348154
A,2,F3,0.5,target_030,0.3,1,0,93,15500,0.0673453338373371,18.4369414257918,18.4408367323183,-0.0965638254708736,-0.096802393164058
A,2,F4,0.5,target_030,0.3,1,0,93,15500,0.0673453338373371,-0.192121920275982,-0.175539971556948,-0.201079720884803,-0.200843540418541
A,2,Fz,0.5,click_030,0.3,0,1,93,15500,0.0673453338373371,3.91725823292992,3.9322790379403,-0.0037423849653706,-0.00376053196360804
A,2,F3,0.5,click_030,0.3,0,1,93,15500,0.0673453338373371,18.5424275253431,18.5465438832932,0.00892227408035851,0.00890475781081435
A,2,F4,0.5,click_030,0.3,0,1,93,15500,0.0673453338373371,0.0028357232738678,0.0191756025197158,-0.00612207733495362,-0.00612796634187693
B,1,Fz,0.1,original,0,0,0,87,0,0,-1.48592950400451,-1.4804878852214,0,0
B,1,F3,0.1,original,0,0,0,87,0,0,-13.4424081523072,-13.4314987668633,0,0
B,1,F4,0.1,original,0,0,0,87,0,0,-22.9850553395515,-22.9949312192357,0,0
B,1,Fz,0.1,both_015,0.15,1,1,87,7700,0.034528373803278,-1.38070524133917,-1.37396653652296,0.105224262665345,0.106521348698439
B,1,F3,0.1,both_015,0.15,1,1,87,7700,0.034528373803278,-13.4509206053441,-13.4404603542472,-0.00851245303694803,-0.0089615873838742
B,1,F4,0.1,both_015,0.15,1,1,87,7700,0.034528373803278,-22.9759012225577,-22.9851786509891,0.00915411699372726,0.00975256824663973
B,1,Fz,0.1,both_030,0.3,1,1,87,15500,0.0695051680455595,-1.59959507081665,-1.59214132394197,-0.11366556681213,-0.111653438720578
B,1,F3,0.1,both_030,0.3,1,1,87,15500,0.0695051680455595,-13.4968473470158,-13.486247157352,-0.0544391947085945,-0.0547483904887009
B,1,F4,0.1,both_030,0.3,1,1,87,15500,0.0695051680455595,-23.0176611524612,-23.0286394698085,-0.0326058129097007,-0.0337082505728254
B,1,Fz,0.1,target_030,0.3,1,0,87,15500,0.0695051680455595,-1.59959507081665,-1.59214132394197,-0.11366556681213,-0.111653438720578
B,1,F3,0.1,target_030,0.3,1,0,87,15500,0.0695051680455595,-13.4968473470158,-13.486247157352,-0.0544391947085945,-0.0547483904887009
B,1,F4,0.1,target_030,0.3,1,0,87,15500,0.0695051680455595,-23.0176611524612,-23.0286394698085,-0.0326058129097007,-0.0337082505728254
B,1,Fz,0.5,original,0,0,0,87,0,0,-4.54685809120119,-4.53153585500728,0,0
B,1,F3,0.5,original,0,0,0,87,0,0,2.93698551058591,2.93727456701019,0,0
B,1,F4,0.5,original,0,0,0,87,0,0,-2.90932620147247,-2.91004957864378,0,0
B,1,Fz,0.5,both_015,0.15,1,1,87,7700,0.034528373803278,-4.5618430566304,-4.54655303653497,-0.014984965429206,-0.0150171815276856
B,1,F3,0.5,both_015,0.15,1,1,87,7700,0.034528373803278,2.93145659998405,2.93143423032225,-0.00552891060186322,-0.00584033668794603
B,1,F4,0.5,both_015,0.15,1,1,87,7700,0.034528373803278,-2.91206360439821,-2.91268669732304,-0.00273740292574143,-0.00263711867925887
B,1,Fz,0.5,both_030,0.3,1,1,87,15500,0.0695051680455595,-4.47387351192865,-4.45764162604565,0.0729845792725472,0.0738942289616364
B,1,F3,0.5,both_030,0.3,1,1,87,15500,0.0695051680455595,3.00682160887339,3.00660479614949,0.0698360982874751,0.0693302291393012
B,1,F4,0.5,both_030,0.3,1,1,87,15500,0.0695051680455595,-2.90955389610901,-2.9097334386374,-0.000227694636543596,0.000316140006382248
B,1,Fz,0.5,target_030,0.3,1,0,87,15500,0.0695051680455595,-4.47387351192865,-4.45764162604565,0.0729845792725472,0.0738942289616364
B,1,F3,0.5,target_030,0.3,1,0,87,15500,0.0695051680455595,3.00682160887339,3.00660479614949,0.0698360982874751,0.0693302291393012
B,1,F4,0.5,target_030,0.3,1,0,87,15500,0.0695051680455595,-2.90955389610901,-2.9097334386374,-0.000227694636543596,0.000316140006382248
B,2,Fz,0.1,original,0,0,0,90,0,0,-3.20092450028977,-3.19141480691707,0,0
B,2,F3,0.1,original,0,0,0,90,0,0,19.5487196592735,19.548057209153,0,0
B,2,F4,0.1,original,0,0,0,90,0,0,9.10094047482615,9.07367214747423,0,0
B,2,Fz,0.1,both_015,0.15,1,1,90,15400,0.0674462400910962,-3.23006588337664,-3.2203144850717,-0.0291413830868654,-0.0288996781546245
B,2,F3,0.1,both_015,0.15,1,1,90,15400,0.0674462400910962,19.5570262822633,19.5564781584137,0.00830662298977458,0.00842094926074566
B,2,F4,0.1,both_015,0.15,1,1,90,15400,0.0674462400910962,9.09140194803355,9.06401576878486,-0.00953852679259803,-0.0096563786893693
B,2,Fz,0.1,both_030,0.3,1,1,90,31000,0.135768405378181,-3.33965667561722,-3.33044114990668,-0.138732175327444,-0.139026342989609
B,2,F3,0.1,both_030,0.3,1,1,90,31000,0.135768405378181,19.4842321759669,19.4832852309577,-0.0644874833065963,-0.0647719781952674
B,2,F4,0.1,both_030,0.3,1,1,90,31000,0.135768405378181,8.84238929569995,8.81501268776089,-0.258551179126201,-0.258659459713344
B,2,Fz,0.1,target_030,0.3,1,0,90,15500,0.0678842026890903,-3.33013773613849,-3.32138476065611,-0.129213235848719,-0.129969953739035
B,2,F3,0.1,target_030,0.3,1,0,90,15500,0.0678842026890903,19.408999857964,19.4066484296688,-0.13971980130945,-0.141408779484216
B,2,F4,0.1,target_030,0.3,1,0,90,15500,0.0678842026890903,8.83053076443816,8.80252519580265,-0.270409710387986,-0.271146951671586
B,2,Fz,0.1,click_030,0.3,0,1,90,15500,0.0678842026890903,-3.21451753273026,-3.20462423733717,-0.0135930324404927,-0.0132094304201003
B,2,F3,0.1,click_030,0.3,0,1,90,15500,0.0678842026890903,19.6273631514966,19.6275641013372,0.078643492223101,0.0795068921842415
B,2,F4,0.1,click_030,0.3,0,1,90,15500,0.0678842026890903,9.11508653756465,9.08807516462842,0.0141460627385026,0.0144030171541871
B,2,Fz,0.5,original,0,0,0,90,0,0,-0.404549467634118,-0.385393615109668,0,0
B,2,F3,0.5,original,0,0,0,90,0,0,3.29097441615903,3.29141102762666,0,0
B,2,F4,0.5,original,0,0,0,90,0,0,9.6339895451788,9.62418196304812,0,0
B,2,Fz,0.5,both_015,0.15,1,1,90,15400,0.0674462400910962,-0.390435997212906,-0.371371071316041,0.0141134704212121,0.014022543793627
B,2,F3,0.5,both_015,0.15,1,1,90,15400,0.0674462400910962,3.29675329596098,3.29736635984377,0.00577887980194847,0.00595533221710998
B,2,F4,0.5,both_015,0.15,1,1,90,15400,0.0674462400910962,9.65759737730599,9.64777070648217,0.0236078321271833,0.0235887434340505
B,2,Fz,0.5,both_030,0.3,1,1,90,31000,0.135768405378181,-0.362639417597879,-0.343682470367559,0.0419100500362389,0.041711144742109
B,2,F3,0.5,both_030,0.3,1,1,90,31000,0.135768405378181,3.38044189837498,3.38138075379826,0.0894674822159511,0.0899697261715975
B,2,F4,0.5,both_030,0.3,1,1,90,31000,0.135768405378181,9.74678316628826,9.73634409217745,0.112793621109457,0.112162129129331
B,2,Fz,0.5,target_030,0.3,1,0,90,15500,0.0678842026890903,-0.360498640800893,-0.341516190724088,0.0440508268332253,0.0438774243855797
B,2,F3,0.5,target_030,0.3,1,0,90,15500,0.0678842026890903,3.38170716464834,3.38265787465141,0.0907327484893092,0.0912468470247538
B,2,F4,0.5,target_030,0.3,1,0,90,15500,0.0678842026890903,9.74708825311607,9.73665821088999,0.113098707937267,0.112476247841876
B,2,Fz,0.5,click_030,0.3,0,1,90,15500,0.0678842026890903,-0.406736794695009,-0.3876107437214,-0.00218732706089114,-0.00221712861173257
B,2,F3,0.5,click_030,0.3,0,1,90,15500,0.0678842026890903,3.28951164657066,3.28995970694308,-0.00146276958837088,-0.00145132068358489
B,2,F4,0.5,click_030,0.3,0,1,90,15500,0.0678842026890903,9.63376901902508,9.62394806439681,-0.000220526153720257,-0.000233898651305964
