record,task,channel,highpass,n_left,n_right,baseline_rms,baseline_mad,baseline_variance,trial_to_trial_variance,split_half_r,split_half_left_r,split_half_right_r,split_half_mean_abs_diff,bootstrap_ci_low,bootstrap_ci_high,bootstrap_width,bootstrap_waveform_sd,left_mean_250_500,right_mean_250_500,delta_mean_250_500,left_peak,right_peak,delta_peak,left_latency,right_latency,delta_latency,left_auc,right_auc,delta_auc,delta_min,delta_positive_fraction,baseline_mean_left,baseline_mean_right,baseline_difference,baseline_slope_left,baseline_slope_right,baseline_slope_difference,baseline_early_difference,baseline_late_difference,left_waveform_r_vs_0p1,right_waveform_r_vs_0p1,delta_waveform_r_vs_0p1,delta_waveform_rmse_vs_0p1,left_peak_change_vs_0p1,right_peak_change_vs_0p1,delta_peak_change_vs_0p1,left_latency_shift_ms_vs_0p1,right_latency_shift_ms_vs_0p1,delta_latency_shift_ms_vs_0p1,pre_stimulus_delta_rms,pre_stimulus_delta_zero_crossings,waveform_stability
A,1,Fz,0.1,41,39,8.62829226396934,7.58889628768571,74.4656787843322,187.103653724779,0.0438263323359353,0.83657854586119,0.637177966966972,2.74474014618154,-8.28175912512114,-0.175009402594862,8.10674972252627,3.80762597489899,7.50811981062341,3.55514001470053,-3.95297979592288,11.9656965604139,8.85114303302962,-0.51848040348384,0.3359375,0.359375,0.3671875,1.85630302129873,0.892757806413848,-0.96354521488488,-7.45873394720278,0,0.92084938848957,0.607069118723194,-0.313780269766375,-0.862664084049657,-4.84757642467013,-3.98491234062047,-0.134390953020931,-0.310947352371613,1,1,1,0,0,0,0,0,0,0,2.40336003967878,1,0.962395688071138
A,1,F3,0.1,41,39,13.8055142095875,9.10777687001738,190.638947823431,5613.68481731338,-0.113983888274718,0.28735354805903,0.105807308768384,14.9893823791851,-9.05051372346795,37.7870661107604,46.8375798342283,12.073092199918,-16.0280896607062,-3.63626659833885,12.3918230623673,-14.1548459173377,0.313330219822291,15.3666281110012,0.3828125,0.35546875,0.34765625,-3.945092777686,-0.880114608550661,3.06497816913534,6.81547504244304,1,17.9523884576547,1.68994941607713,-16.2624390415776,-37.5640417824204,8.33459915133258,45.898640933753,-20.5588137757448,-10.738571200766,1,1,1,0,0,0,0,0,0,0,17.1870092640271,3,0.827604995258752
A,1,F4,0.1,41,39,14.6089640743268,10.1008994011645,213.474153421397,5999.16609628547,-0.433418231235671,0.400217368187719,0.301791873501578,18.7231058627685,-16.4784889217413,36.0018653098598,52.4803542316011,14.29503235295,-15.02118036333,-4.09261623521534,10.9285641281146,-9.52979745764636,0.166919169507955,14.420328973697,0.37890625,0.3515625,0.4140625,-3.68515242788331,-0.986423341688027,2.69872908619529,7.34238485635004,1,11.8143587020588,-0.863600536348778,-12.6779592384076,-22.1820236163212,6.74769913641367,28.9297227527349,-13.3678573841254,-6.52128054625419,1,1,1,0,0,0,0,0,0,0,11.3617850373978,3,0.807982255966301
A,1,Fz,0.2,41,39,8.49158634128065,7.60278903746982,72.1247162179481,118.699199288361,-0.0463669427693354,0.790735050057581,0.603597898490071,2.85816213412125,-6.95346650882458,0.946328562756124,7.89979507158071,3.42692148523634,6.06230134158005,3.13442016989088,-2.92788117168916,10.7233150368373,8.28464950107398,0.665007102907385,0.3359375,0.359375,0.3671875,1.49882695803637,0.788856690201481,-0.70997026783489,-6.60635898032738,0.09375,0.985168202388285,0.431231000822087,-0.553937201566198,-0.26942620909418,-6.64938233403334,-6.37995612493916,-0.411639711559988,-0.401507888086486,0.99503574543221,0.994006827966398,0.961592799841779,1.49553954805929,-1.24238152357662,-0.566493531955638,1.18348750639123,0,0,0,2.39066688354765,2,0.984940963569356
A,1,F3,0.2,41,39,12.088748194359,8.87888180744207,146.173659784015,3296.87150495919,-0.138908020755484,0.34388250365619,0.0482812474793209,11.6584754502402,-14.9692903316523,25.0945985625595,40.0638888942118,10.6262066183862,-8.03367535237891,-3.58559465808167,4.44808069429723,-6.48309347729949,0.0110811475840023,7.22478098618895,0.390625,0.359375,0.4140625,-1.9770749950085,-0.86664692449431,1.11042807051419,-1.25700623152858,0.953125,7.88485468853785,-0.454221435232843,-8.33907612377069,-11.6375690910721,10.1816849794396,21.8192540705117,-9.28780763408799,-7.66313018336841,0.827061680875403,0.944078654185899,0.898540414976456,7.73459516746025,7.67175244003818,-0.302249072238288,-8.14184712481229,7.8125,3.90625,66.40625,9.31605131806721,4,0.9148914350256
A,1,F4,0.2,41,39,12.3998359389609,9.45119198743398,153.793625829281,3598.06212772908,-0.430033668920115,0.577122135595768,0.204664411009804,11.0704390071279,-9.47253835741528,24.067144256625,33.5396826140403,10.8306070477462,-6.23944865487772,1.82290744195043,8.06235609682815,-3.69685079137501,5.81749446625245,12.3024532910958,0.3203125,0.37109375,0.41796875,-1.52916664695558,0.466711157951645,1.99587780490722,3.22053243371474,1,3.4039753724519,-1.32368472489581,-4.72766009734771,-2.97057609211292,8.10392466745514,11.0745007595681,-4.47795296825239,-4.06870572230316,0.80312936903108,0.677735823486951,0.839716782161908,3.50988016337619,5.83294666627135,5.65057529674449,-2.11787568260118,-58.59375,19.53125,3.90625,5.37867623472632,3,0.869275491080063
A,1,Fz,0.25,41,39,8.45626774043211,7.5290734970389,71.5259949789951,105.333210109514,-0.160528596154896,0.742244031968493,0.597010170221483,2.58472966911141,-5.23178758266896,1.71773149272819,6.94951907539715,3.25699935809611,4.94423990890537,3.10891490326812,-1.83532500563726,9.81491213115517,8.20736408264333,1.65682252894597,0.3359375,0.359375,0.3671875,1.22361094731062,0.782394507509346,-0.441216439801278,-5.21114107650974,0.140625,1.57019211628118,0.582389946529657,-0.987802169751521,-1.47603761696832,-6.61057238197268,-5.13453476500437,-0.889854672737299,-0.572910325047704,0.988781813034749,0.990915415145734,0.92955620463929,2.6831368406385,-2.15078442925871,-0.643778950386288,2.17530293242981,0,0,0,2.22649130569588,2,0.984940963569356
A,1,F3,0.25,41,39,11.3694146358668,8.73463732608013,129.29527918167,2419.9485833697,-0.248635267077645,0.317413453245359,0.152286302573094,10.7863707791538,-19.2321960915041,20.0050368673839,39.237232958888,9.38903318057959,-7.06275043335513,-5.0604833710653,2.00226706228983,-4.97015265934615,-1.39319323649908,5.15228550358084,0.49609375,0.38671875,0.41796875,-1.74035337728776,-1.22703369358,0.513319683707765,-5.98189618443221,0.828125,7.75532767898349,-0.206377483389513,-7.96170516237301,-8.66560535981205,7.15857602501915,15.8241813848312,-8.28249528477327,-7.2636497478212,0.825995771041146,0.943743118998239,0.790860091568161,9.80406623521201,9.18469325799152,-1.70652345632138,-10.2143426074204,113.28125,31.25,70.3125,8.29539536107851,6,0.9148914350256
A,1,F4,0.25,41,39,11.5061345660501,9.04713364911886,132.423589414165,2728.04460127579,-0.446971606592859,0.63889272816511,0.40790169399578,12.9786646221989,-13.037338695691,22.8408014841001,35.8781401797911,9.79200935825419,-5.94026681962509,-0.20854396303328,5.73172285659181,-3.33455410271291,3.97016833286366,8.42837248524671,0.37109375,0.3671875,0.4140625,-1.45559320481326,-0.0317349175839265,1.42385828722933,0.792394276969326,1,1.85991304853767,-0.199340019679447,-2.05925306821712,0.438633783595285,5.78180851756013,5.34317473396484,-0.838996665368436,-3.09787468706875,0.78140669412217,0.726383239502126,0.893039851914426,4.85920481685172,6.19524335493345,3.8032491633557,-5.9919564884503,-7.8125,15.625,0,3.04096224947549,3,0.894504710058994
A,1,Fz,0.5,41,39,8.37193295291888,7.5245427445849,70.1064443202083,85.3673419199707,-0.246903941767205,0.680266145945474,0.628038978734637,2.48088513837132,-3.06247240874521,4.08173808537216,7.14421049411737,2.97356651059105,0.86082146366868,1.43258313776458,0.571761674095899,6.32548412016701,6.40419251192223,3.79800180894903,0.3359375,0.36328125,0.37109375,0.22064504278213,0.37003022142238,0.149385178640249,-2.99004590604281,0.546875,1.98002613557619,1.15102814268989,-0.828997992886307,-2.62125370866165,-5.52681173625624,-2.90555802759459,-0.716531069376101,-0.316697466842969,0.860362255456599,0.959452629598634,0.493278975509491,5.61975904550033,-5.64021244024688,-2.44695052110739,4.31648221243287,0,3.90625,3.90625,2.00646920601547,4,0.874925074050488
A,1,F3,0.5,41,39,9.17411853298904,7.1791570720276,84.1850844564645,480.093975766463,-0.154337448950785,0.472991911092324,0.370128311600933,6.51194023329281,-9.12169060464689,8.04916815390263,17.1708587585495,5.03417087084453,-4.15511674553927,-4.1833847573384,-0.0282680117991323,-0.955689738910926,0.0244841736531302,2.97325668889888,0.32421875,0.359375,0.3671875,-1.02108230868268,-1.01359107939197,0.00749122929071854,-4.10654735880095,0.53125,7.09146707947833,-0.169840635531466,-7.2613077150098,-7.67384215785631,3.42858175720827,11.1024239150646,-9.02933901137307,-4.13764014369857,0.807853604550583,0.960678661463198,0.686792435362569,11.763812968965,13.1991561784267,-0.288846046169161,-12.3933714221024,-58.59375,3.90625,19.53125,6.29986341603625,6,0.894072779463769
A,1,F4,0.5,41,39,9.09126609708262,8.04826203595503,82.6713818415525,562.04674380004,-0.0598010477357351,0.739191342874555,0.658982928846014,5.72215021772002,-7.23055735565875,10.4011059094254,17.6316632650841,5.02772458306275,-4.40793593973622,-1.95527268294852,2.45266325678771,0.39344608397834,1.20259166971873,5.46521760223556,0.3359375,0.359375,0.46484375,-1.07800732481413,-0.463490265370176,0.614517059443952,-0.847143252885902,0.90625,1.95275370223088,2.72154803740388,0.768794335172996,1.11165787510546,-1.5048573595319,-2.61651523463736,2.22604805266588,-0.773865373375381,0.842054764255054,0.920162787947106,0.805214362073692,8.94624525366838,9.9232435416247,1.03567250021078,-8.95511137146145,-42.96875,7.8125,50.78125,2.43799851580751,2,0.891548024110254
A,2,Fz,0.1,51,42,16.9781034827617,11.1338295620023,288.316785724143,7043.90683116438,0.51932034585802,0.980204048169989,0.986539208522646,24.9110216680133,-2.36074732050377,57.6470838157977,60.0078311363015,17.0237816566582,16.8283147666257,44.6988623381184,27.8705475714927,30.3676674916741,62.1679571212046,32.6246906692246,0.49609375,0.49609375,0.47265625,4.13887127262084,10.9913606315159,6.85248935889505,24.3567556235404,1,-3.6978562308124,-10.7010554568532,-7.00319922604081,-1.93836296275126,-11.1582675916263,-9.21990462887501,-4.94615365039121,-8.16743066250147,1,1,1,0,0,0,0,0,0,0,6.83258548819618,3,0.975703973817755
A,2,F3,0.1,51,42,27.310898564239,15.2829910673832,746.042473760338,27020.93434961,0.671143209096357,0.958198010151164,0.985167924505286,35.8073299316334,2.33453480262025,118.550512731813,116.215977929193,29.910433147662,23.8747136133924,85.2082891995616,61.3335755861693,39.9232610019576,109.110837033575,69.8492039903613,0.49609375,0.49609375,0.47265625,5.87320066029474,20.9651847500822,15.0919840897874,54.0962969188201,1,-23.7707104030693,-15.2456998533763,8.52501054969298,24.0804516386907,-12.2309242008848,-36.3113758395755,12.3152628749002,-16.6226561348709,1,1,1,0,0,0,0,0,0,0,13.5001950503679,1,0.978408427885123
A,2,F4,0.1,51,42,23.0149744687465,13.5752031776373,529.800751410255,15777.9535601894,0.68247646052898,0.979658055529521,0.99057596858256,29.7816547115407,-8.8689261652178,76.4361398295201,85.3050659947379,23.4966559897189,32.4209547752667,69.7022149941398,37.2812602188732,47.130363132611,90.779312689604,45.9821337009622,0.49609375,0.49609375,0.46875,7.97572209597342,17.1493200127648,9.17359791679139,29.4963435794817,1,-4.6499518041253,-25.6456995420648,-20.9957477379395,-8.315343374276,30.7671721400277,39.0825155143037,-22.9559443997902,-11.6833032293271,1,1,1,0,0,0,0,0,0,0,20.6374581426685,3,0.985673941085338
A,2,Fz,0.2,51,42,14.8166826821704,10.0763583023813,219.580381378044,3951.27516983995,0.0144388778755873,0.982442384934404,0.986148967242221,12.5207365344669,-4.05186433584885,37.4113019796133,41.4631663154622,13.0089477225796,15.4156848511194,30.9864136936063,15.5707288424869,29.3419015341414,41.2637488561532,17.6415214704087,0.49609375,0.49609375,0.25390625,3.7880550757903,7.62350797392167,3.83545289813138,11.9218473220118,1,-4.52034381476628,-9.01838494907649,-4.49804113431022,-0.435851562869004,-1.82384622735445,-1.38799466448545,-1.93131534939805,-5.58684028504844,0.999685981588058,0.998299043542576,0.975201417102024,17.0156409352629,-1.02576595753266,-20.9042082650514,-14.9831691988159,0,0,-218.75,5.24291051940457,5,0.987858230700833
A,2,F3,0.2,51,42,24.2632126440933,13.7783170023081,588.827634477993,20038.3234645048,0.294039500109487,0.965228679941852,0.977794905963133,27.7696237912904,-2.53473464282427,90.428644712084,92.9633793549083,23.9546019294511,18.6496253077874,63.145878661502,44.4962533537145,34.3328815758381,77.4601899562822,47.7000718667616,0.49609375,0.49609375,0.46484375,4.58370628958173,15.5400045965493,10.9562983069676,42.2697692016213,1,-18.9850639065982,-14.0352408633905,4.9498230432077,19.2869603250915,1.57960957229408,-17.7073507527975,7.66736589862878,-13.0841596379603,0.998735763519494,0.998344702672482,0.978111711374301,24.6335929709839,-5.59037942611946,-31.6506470772924,-22.1491321235997,0,0,-7.8125,10.0891834497556,1,0.97873010703848
A,2,F4,0.2,51,42,20.3229610420118,12.2013641662755,413.109844364881,10492.1388312252,0.202414688981236,0.982448426194025,0.987886975215007,20.4237006047742,-9.72079379506366,53.1034511860476,62.8242449811112,17.9175321969287,26.2143913159363,47.7893426411383,21.5749513252021,39.3459305267407,60.153241803555,25.9327902315881,0.49609375,0.49609375,0.46484375,6.44894132997556,11.7637647244013,5.31482339442575,16.4779781753873,1,-5.92674534340696,-16.1793316885971,-10.2525863451901,-1.94941703469039,11.6512433129915,13.6006603476819,-9.62697936825694,-5.76316630197989,0.999490358727752,0.998582826300053,0.985497440391324,24.8031256849487,-7.78443260587031,-30.6260708860491,-20.0493434693741,0,0,-3.90625,10.7761944095524,3,0.985673941085338
A,2,Fz,0.25,51,42,13.9064790008925,9.40640563942437,193.430940605933,2842.64382007581,-0.229079753937835,0.983194949030764,0.985685502027877,8.58229949014759,-3.55740343357416,29.2095591276717,32.7669625612459,11.1485266537039,11.1947780551618,23.4052129908445,12.2104349356827,23.9349746816817,32.3202822019164,14.3521124620996,0.49609375,0.49609375,0.2578125,2.74816238218702,5.75724348491465,3.00908110272763,8.38530752023469,1,-2.5703751593114,-6.25934053697828,-3.68896537766688,-7.41662211396627,-1.92047469077162,5.49614742319465,-2.46173637932931,-3.95085978416022,0.998870271954808,0.99586246712375,0.940003300809754,22.2189162254181,-6.43269280999235,-29.8476749192882,-18.272578207125,0,0,-214.84375,5.3538256670678,5,0.987858230700833
A,2,F3,0.25,51,42,22.5737043526049,12.781501900981,509.67958752572,16461.5652433538,0.0538964104373113,0.965856412860154,0.97116098289791,25.5741348606821,-2.12486290456859,78.5705893426059,80.6954522471745,21.4489421315773,14.2703033361427,51.9916704346683,37.7213670985256,29.5119601425582,62.5425973678251,38.8142769386166,0.49609375,0.49609375,0.41796875,3.50401431279016,12.7958384297821,9.2918241169919,33.0306372252669,1,-14.3646072561784,-9.18645054709634,5.17815670908208,13.7194631891336,-5.84731777942603,-19.5667809685597,7.09056813011173,-11.6150192923904,0.997404530569289,0.995689828696106,0.919353379315548,34.0892660741189,-10.4113008593993,-46.5682396657495,-31.0349270517448,0,0,-54.6875,8.76120271616844,1,0.97873010703848
A,2,F4,0.25,51,42,19.1461978635257,11.1043245680911,366.654196908617,8545.62815830284,-0.132607379454617,0.981886812119206,0.986877185887847,16.0337339211205,-12.9151535858213,42.540324600444,55.4554781862653,15.951229194759,19.769950569086,35.1490774251879,15.3791268561019,31.2085376957622,41.949955060588,18.9420128776866,0.49609375,0.49609375,0.4609375,4.86274175451503,8.65817949300078,3.79543773848575,10.7414173648258,1,-3.75439258735033,-8.50627424001874,-4.75188165266841,-12.9256937289164,0.998341879518706,13.9240356084351,-2.75871398325895,-4.655086983538,0.99830303411332,0.994747069066843,0.911638439613286,34.0396481606157,-15.9218254368488,-48.829357629016,-27.0401208232756,0,0,-7.8125,8.01899621656284,3,0.972099293190558
A,2,Fz,0.5,51,42,12.4084899865405,8.07279408997059,154.003093299798,1017.38945767378,-0.515953898974169,0.976494701399418,0.981031763227064,7.19245320642834,-7.24959722392308,13.5512105745926,20.8008077985156,6.75106805104654,-12.3107803927571,-8.3747408228238,3.93603956993332,-7.78562348996986,-3.36880822348163,6.7781887449039,0.34375,0.34375,0.2578125,-3.02630765857505,-2.05469456717567,0.971613091399371,-0.136809597942111,0.96875,2.63422193018858,2.24546529926777,-0.388756630920807,-6.79160425325137,-5.68567694542739,1.10592730782398,1.00377015352846,-1.90498191364311,0.958783755250472,0.933034879631107,0.522372882905353,32.0044292277507,-38.1532909816439,-65.5367653446862,-25.8465019243207,-152.34375,-152.34375,-214.84375,2.94958899685525,7,0.950901062723576
A,2,F3,0.5,51,42,18.5499146306501,9.32425026938864,344.171896982562,6195.54616958686,-0.242603283201693,0.960682149192247,0.950062698883559,19.7882078078982,-2.92176418651199,43.378726840784,46.300491027296,12.2001188034099,-9.89566888280821,8.64197024267411,18.5376391254823,-3.96623836538139,11.161496017152,19.8056340052763,0.49609375,0.3515625,0.4140625,-2.44031528709815,2.13107211963167,4.57138740672982,13.964531816801,1,-5.29050187125374,5.51528528326837,10.8057871545221,17.1268806427216,-12.9445033791182,-30.0713840218398,16.2643929201967,-2.72272200079804,0.950151377466453,0.952720956780946,0.786356060294059,53.6927115173925,-43.8894993673389,-97.9493410164226,-50.043569985085,0,-144.53125,-58.59375,9.36549235050818,5,0.953028765496789
A,2,F4,0.5,51,42,16.9705957062834,8.84684299984336,288.061852729588,3740.94403817951,-0.257139654238868,0.972277203057921,0.980086016882989,13.3552567997891,-19.3606232736797,18.0881980078144,37.448821281494,10.4134118445502,-10.9884116855473,-10.9631081166857,0.0253035688615953,-7.05099610831471,-5.56483967971661,4.11129942130644,0.33984375,0.31640625,0.25390625,-2.70106670185598,-2.6916528651421,0.00941383671387578,-5.63467583810843,0.53125,4.7978358017538,5.31730292849796,0.51946712674416,-20.2452369203403,-18.2528458894606,1.99239103087969,5.59522845693888,-0.64167146058034,0.957103464258771,0.922092828173359,0.610914512375241,47.6261761255155,-54.1813592409257,-96.3441523693206,-41.8708342796558,-156.25,-179.6875,-214.84375,4.28893674398094,7,0.94130356988036
B,1,Fz,0.1,41,46,18.690332753307,11.5661140160664,349.40728697272,9578.2365792935,-0.368736167892729,0.638263457619228,0.779160834217123,17.1867319927618,-20.5877570765896,25.1973760936998,45.7851331702895,14.7589809982779,15.5908438198482,14.1103559346268,-1.4804878852214,22.4069774758786,19.7017332280348,2.3709084199018,0.35546875,0.32421875,0.28125,3.84591588830611,3.4897651550995,-0.356150733206611,-5.41048795419432,0.203125,-13.3606952622656,-24.9231050089982,-11.5624097467325,45.4870922649887,25.8550471748133,-19.6320450901754,-11.7163129203087,-12.0594842151262,1,1,1,0,0,0,0,0,0,0,11.1926957334002,1,0.968565554314022
B,1,F3,0.1,41,46,18.1147098434424,11.4825674260921,328.21668537052,10594.9743606304,0.124981174444354,0.806364979877507,0.580700549703196,22.221427390708,-47.9282764476892,18.6582866271694,66.5865630748586,18.5066545356395,5.48241188209538,-7.94908688476793,-13.4314987668633,13.7432614162909,-5.2790668122903,-2.711972304285,0.49609375,0.49609375,0.2734375,1.35645935104866,-1.95779363777668,-3.31425298882534,-19.6412707694824,0,11.8370706058246,8.59373903771086,-3.24333156811371,-11.8445179589081,-26.1534910978569,-14.3089731389488,-0.960113700971617,-6.9770770085483,1,1,1,0,0,0,0,0,0,0,3.84149733992344,5,0.942197620924945
B,1,F4,0.1,41,46,17.9579505422343,12.0848511047924,322.560685600617,15349.1405785422,0.32726901099136,0.887646993704874,0.749337183962782,21.5315598442845,-55.3428983506801,1.22302660319587,56.5659249538759,16.3337359969062,14.7898945985325,-8.20503662070313,-22.9949312192357,20.350796654972,-0.1964487803897,-13.3869353229655,0.3515625,0.3203125,0.30859375,3.64840479988045,-2.00546318625972,-5.65386798614017,-31.4374197331655,0,-9.93207774693289,7.89481212485865,17.8268898717915,7.29050585133676,-27.7752958491192,-35.065801700456,24.0995337857729,7.74081939016598,1,1,1,0,0,0,0,0,0,0,16.8779458569612,1,0.956924625896794
B,1,Fz,0.2,41,46,16.6103622462587,10.4970555264277,275.966330555621,6042.8380949153,-0.0904290591368819,0.706278316131021,0.665143209790913,13.8989612095246,-27.6855588792931,10.9856824340195,38.6712413133126,11.4801359915411,17.0980871046944,6.39735721979548,-10.7007298848989,23.6699550254613,12.3979415642056,-4.84297856191548,0.359375,0.328125,0.26953125,4.21840163936344,1.58844255560782,-2.62995908375561,-16.47039114826,0,-11.6574847220137,-15.255440251656,-3.59795552964228,29.3015119671927,24.4482467550807,-4.85326521211203,-2.70851035052167,-5.88349047714436,0.983826681584743,0.970835339902094,0.815862755700975,9.26594106784308,1.26297754958268,-7.30379166382918,-7.21388698181728,3.90625,3.90625,-11.71875,4.9960841903503,5,0.976446397329584
B,1,F3,0.2,41,46,15.9354152326043,11.4202686968135,253.994703328625,6712.66044187048,0.0711777066686132,0.838534058934714,0.758070769662756,21.3379275996258,-36.0991407923609,30.7278119716814,66.8269527640423,16.4567509563812,-5.83521944167524,-7.85050396838464,-2.01528452670941,0.303486500034085,-3.6887006100042,6.65847034946326,0.49609375,0.32421875,0.26953125,-1.43140242248207,-1.92813881090509,-0.496736388423022,-8.79177392200734,0.359375,16.3687757096784,-0.278629540670198,-16.6474052503486,-17.4446656278445,0.647274081230844,18.0919397090753,-19.702000448081,-8.70916054699413,0.96881677459826,0.986968566260185,0.968001236722016,9.37278064601471,-13.4397749162568,1.5903662022861,9.37044265374826,0,-171.875,-3.90625,13.6624957515173,5,0.96908801869848
B,1,F4,0.2,41,46,15.5817683354946,11.4587970487079,242.846236540475,9866.28996679768,0.219923327311328,0.870980862664185,0.671864111386903,19.8380115845956,-46.0580944911401,4.3159876227798,50.3740821139199,14.171715317164,9.46869355344021,-9.74448179361135,-19.2131753470516,13.9775164388858,-1.76158783702287,-14.7829379721267,0.3515625,0.328125,0.32421875,2.33027403719142,-2.38168069761939,-4.71195473481081,-29.2697563154812,0,-6.70898559204618,5.81402157488443,12.5230071669306,2.19315919832488,-21.7553622736648,-23.9485214719897,16.3204885461953,6.48956529274705,0.988839178160773,0.990819640935964,0.956931990946308,4.83044870193,-6.37328021608618,-1.56513905663317,-1.39600264916121,0,7.8125,15.625,12.0622644251326,1,0.96931858852621
B,1,Fz,0.25,41,46,15.9527040087645,10.3472002426826,254.546134164468,4919.09604408209,-0.0198719706004823,0.765728695614523,0.689146729336131,12.0076320567951,-24.2170759148703,11.1335355580845,35.3506114729548,10.2399756259805,14.3748222953489,5.4613873256727,-8.91343496967623,19.9885473553083,12.7360867444087,-4.65295709421696,0.35546875,0.328125,0.2734375,3.54522839401265,1.35956521907198,-2.18566317494067,-16.2805577289157,0,-9.75394104077625,-11.2417116263074,-1.4877705855311,25.1180154983214,13.6857564054708,-11.4322590928505,-0.926663529963893,-4.42284349568517,0.976615336347567,0.96895294441173,0.853421262063753,8.00136431341582,-2.41843012057032,-6.96564648362614,-7.02386551411876,0,3.90625,-7.8125,3.26856917778644,5,0.975322409464332
B,1,F3,0.25,41,46,14.9465927768682,10.9590474507843,223.450996466122,5415.96986388716,0.0810762887408982,0.830896290223702,0.756491419720133,19.3487638957474,-25.8318720211061,32.7951275688121,58.6269995899182,14.6186734217923,-9.12779938686127,-7.4825016956367,1.64529769122456,-3.96902322731268,-3.21665869080168,8.75495419243636,0.49609375,0.32421875,0.26171875,-2.24122362470534,-1.83751470122251,0.403708923482835,-4.45147729590287,0.609375,16.7541712120082,2.38963863331295,-14.3645325786952,-19.5943123068612,-1.00155700685024,18.5927553000109,-15.6136958532951,-9.77183975770369,0.941740745262124,0.983334891983707,0.905253355183903,12.3002344953376,-17.7122846436035,2.06240812148862,11.4669264967214,0,-171.875,-11.71875,12.9425623979037,5,0.949772722668546
B,1,F4,0.25,41,46,14.4557122768474,10.758875774546,209.014724648631,7652.8354221366,0.0239097693647185,0.838309142716419,0.671401293624283,17.2242265851536,-37.1194338920022,5.58840039493151,42.7078342869338,12.7359681600738,3.10353382645118,-10.2180337714611,-13.3215675979123,7.88303705264557,-2.57537542103643,-10.3426879010687,0.3203125,0.328125,0.328125,0.764243590911709,-2.49902462055668,-3.26326821146839,-20.5991435477037,0,-3.00905139616901,7.13939538736573,10.1484467835347,-1.98205315700887,-21.9386504707684,-19.9565973137596,13.5250440477965,4.998522962989,0.964579487462578,0.980981366400827,0.877387682318951,11.1311938526769,-12.4677596023264,-2.37892664064673,3.04424742189687,-31.25,7.8125,19.53125,9.33261597060396,1,0.96931858852621
B,1,Fz,0.5,41,46,13.2805063231278,9.18722202138622,176.411607406978,1225.19165486177,0.110600638007105,0.81128890777653,0.846574074585315,5.34447299318195,-13.7766959851714,4.10446207417784,17.8811580593493,6.37496817646162,4.15387266597079,-0.377663189036489,-4.53153585500728,10.0654334291666,5.74079769712566,-0.566150306624634,0.3515625,0.328125,0.2734375,1.02819785895764,-0.0800522514342109,-1.10825011039185,-11.8721146056483,0,1.26539502056699,-4.86331518634661,-6.1287102069136,6.15069645444808,0.903513559829183,-5.24718289461889,-4.57502039710354,-5.37555720552811,0.978246032934833,0.944871626734858,0.785868977317622,5.17028360093051,-12.341544046712,-13.9609355309092,-2.93705872652643,-3.90625,3.90625,-7.8125,5.01546660824658,5,0.961922498966661
B,1,F3,0.5,41,46,11.8003526294484,8.88171073873367,139.279712693798,1974.2078184693,-0.230834018248891,0.691019152626324,0.697961320012054,12.1342986210065,-9.78804702658126,20.6501992330002,30.4382462595814,8.11254469423202,-8.44944127348887,-5.51216670647869,2.93727456701019,-2.04019826091202,-1.59949080829308,6.52190641714958,0.37109375,0.32421875,0.25,-2.06524011231753,-1.34879993102328,0.716440181294251,-2.53945391965322,0.875,8.33371497760633,1.01518910300326,-7.31852587460307,-1.70657612386635,-0.345087368841035,1.36148875502531,-6.69934150998194,-4.37863936751249,0.803557321348931,0.904448634418303,0.628132850444545,17.4862197384924,-15.7834596772029,3.67957600399722,9.23387872143457,-125,-171.875,-23.4375,6.54592998849045,5,0.905283412367706
B,1,F4,0.5,41,46,11.6193824067949,9.63276039724938,135.040482602692,2052.45727707085,-0.230689973302665,0.667644720719718,0.821204759969912,6.66616363423326,-13.1363442460302,6.53055664267692,19.6669008887071,6.88070569627545,-6.46953260334619,-9.37958218198996,-2.91004957864377,-1.57683747762082,-2.20409897588987,-0.603712702475508,0.3203125,0.32421875,0.328125,-1.5893600146992,-2.29592078472973,-0.706560770030527,-8.82341192914346,0,-0.327566934195652,3.30577548950464,3.63334242370029,-0.967021756353824,-8.97300153982665,-8.00597978347283,5.55238372631502,1.31548449419299,0.83554337171083,0.935256595428738,0.304203535918792,25.2747881067709,-21.9276341325928,-2.00765019550017,12.78322262049,-31.25,3.90625,19.53125,3.48592891257905,8,0.897997070087176
B,2,Fz,0.1,44,46,21.2157501499078,13.9728849268055,450.206138549357,19086.2515091671,-0.490336074679676,0.977555842010385,0.984621541019658,37.0197522663282,-55.4971763123882,51.5531189491989,107.050295261587,28.7452810032456,51.3293569590498,48.1379421521327,-3.19141480691708,71.3680734809497,64.2416023919018,1.23102323633847,0.49609375,0.49609375,0.45703125,12.6205066127041,11.8432587141303,-0.777247898573838,-7.74082433615505,0.109375,-47.7385977443991,-44.215364296927,3.52323344747204,132.40695283771,113.439107115629,-18.9678457220809,6.28649505489201,-0.617062487049207,1,1,1,0,0,0,0,0,0,0,4.31524006288726,3,0.918202846221353
B,2,F3,0.1,44,46,31.479316431533,15.1452513910311,991.163302713953,46114.1877109327,0.529617918645806,0.502755763377156,0.932112564916685,44.4349766068888,-53.9460907754074,100.628752285034,154.574843060441,40.8561205033477,6.56543452258402,26.113491731737,19.548057209153,13.0433110763901,42.4680906480338,36.1071058331585,0.30078125,0.49609375,0.47265625,1.60582750181826,6.41382407029006,4.8079965684718,5.43098232927182,1,-20.5556477372154,-38.0739366851395,-17.5182889479241,64.6283363671208,59.1510310393782,-5.47730532774258,-10.4401640111177,0.254798730345943,1,1,1,0,0,0,0,0,0,0,10.0853206984953,8,0.959538311668881
B,2,F4,0.1,44,46,29.3129503260991,14.9785841018761,859.436297843851,43089.167556709,0.0931325277577278,0.964594548677087,0.981257185914532,45.5220164504954,-71.2678268252637,87.0176210166304,158.285447841894,42.4972478159484,55.7955782919069,64.8692504393811,9.07367214747424,73.437818066182,91.49573595023,18.7629585555302,0.49609375,0.49609375,0.48046875,13.7167277992475,15.9557775674893,2.2390497682418,-3.02136434714729,0.78125,-19.3617984526683,-24.1614060123554,-4.79960755968711,73.8888938794666,33.0896771676411,-40.7992167118255,-0.738439993076312,2.60126688147516,1,1,1,0,0,0,0,0,0,0,9.28488639852653,3,0.988595647399505
B,2,Fz,0.2,44,46,16.6822122576256,11.599915087755,278.356850002373,10568.8917890032,-0.148527469153378,0.965744325241947,0.976954787200704,25.4257634831508,-39.2443077673972,32.842616293138,72.0869240605351,20.0822841170439,23.4999315651264,17.7659955250364,-5.73393604008995,33.1113968882015,28.0419091550776,-1.17299866048391,0.49609375,0.49609375,0.46484375,5.77834003412219,4.3646460755608,-1.41369395856138,-9.57373290936256,0,-25.8438874244856,-23.1884224997423,2.65546492474333,77.8334300930109,57.0902394785487,-20.7431906144622,6.6350250294656,-1.01846813288966,0.993207493992356,0.987926481163678,0.878765534754693,4.38700498056307,-38.2566765927482,-36.1996932368241,-2.40402189682238,0,0,7.8125,5.73904381747037,3,0.987136609048717
B,2,F3,0.2,44,46,28.4989081425983,14.5098377032554,812.364751104808,35779.7999862109,0.583729761087972,0.351514977367784,0.910045984954533,39.6222839472238,-40.7966834146143,84.7726666233315,125.569350037946,33.7230378396691,-15.4353315042781,5.07768146929773,20.5130129735758,-7.48459950244339,15.5193774425154,34.1007888263715,0.30078125,0.49609375,0.47265625,-3.80586171328361,1.23638721058368,5.04224892386728,9.02720434904858,1,-7.34752308202823,-20.7044229141237,-13.3568998320954,30.0275492005777,22.9560768765384,-7.07147232403922,-10.1627259925213,-3.49984099205719,0.919979493976206,0.991063828753175,0.99565388881769,2.74217104592205,-20.5279105788335,-26.9487132055184,-2.006317006787,0,0,0,7.92636709611534,9,0.99108567097709
B,2,F4,0.2,44,46,26.4640383961455,14.0984074151642,700.497942163417,33420.0608312623,0.27360817443423,0.946219767473341,0.979089829672402,35.7328120188926,-42.9562815319396,74.2968731655739,117.253154697514,32.7515661121092,23.243241159367,36.0126314482319,12.7693902888649,31.5625661917375,53.8255965252341,22.9204505343416,0.49609375,0.49609375,0.4765625,5.71093271712286,8.85051151997735,3.13957880285449,1.59827824272345,1,-4.71833890412553,-8.81298434043781,-4.09464543631228,44.001346597632,-8.14031055044254,-52.1416571480746,0.712581192653397,3.03423808187323,0.989142526053517,0.995693956048413,0.992909586290782,4.25004871942067,-41.8752518744445,-37.6701394249959,4.15749197881139,0,0,-3.90625,9.888255211292,3,0.993030701479422
B,2,Fz,0.25,44,46,14.8896490077533,10.6858982163473,221.749959112023,7402.71088652448,-0.0584054729618526,0.962680730465863,0.976979437185379,17.172854588559,-30.9388676181383,23.4801843029255,54.4190519210638,16.2323340326025,12.7925479397779,9.37771637544993,-3.41483156432797,19.8875401484127,16.8313272330277,1.1860289657068,0.49609375,0.49609375,0.46484375,3.14293047025954,2.3032252723802,-0.839705197879344,-7.62571579909518,0.140625,-17.7882432724116,-13.2037777809148,4.58446549149687,61.3350734352245,31.6001486620879,-29.7349247731366,7.9284467340421,-0.343610636124865,0.982534723041459,0.97872066395166,0.861616245198916,4.93195711179878,-51.4805333325371,-47.4102751588741,-0.0449942706316726,0,0,7.8125,6.26744251741691,3,0.97919111236774
B,2,F3,0.25,44,46,27.1152959017005,13.6866439603891,735.399489590499,30232.8371180336,0.586273425411024,0.403726370446209,0.917336229569874,35.8102804249821,-37.7689716681109,76.0769111575021,113.845882825613,30.3920935832531,-20.2072434001328,2.55952045218383,22.7667638523166,-12.7235067287057,11.7081816028561,35.161648473949,0.296875,0.49609375,0.46484375,-4.98290117777919,0.620432031324739,5.60333320910393,12.0088514341037,1,-3.34988345711959,-13.6383275113614,-10.2884440542418,26.7188017433794,3.32927566704491,-23.3895260763345,-7.25496258530541,-3.88426710991728,0.91713385722708,0.988418799043263,0.991906641010507,4.27525172521034,-25.7668178050958,-30.7599090451778,-0.945457359209492,-3.90625,0,-7.8125,5.74826501054136,7,0.988470816564713
B,2,F4,0.25,44,46,25.5257497869361,12.993442984462,651.705886038433,28991.7404164787,0.359220457626775,0.940362174015317,0.976674620208278,29.7065958409568,-34.3919967460547,64.9682976903764,99.3602944364311,28.3085999787659,9.07295561302264,22.968935194533,13.8959795815104,14.6572185910067,37.3844480769609,23.8749565210586,0.30078125,0.49609375,0.4765625,2.22405009859701,5.63960470640591,3.4155546078089,4.37346949398041,1,-0.622806650336188,-0.268841510482302,0.353965139853886,32.9193393687404,-27.7152869172943,-60.6346262860347,9.12405315931013,4.86814577143599,0.975156923860692,0.988493677681894,0.992252697069183,6.05317713432013,-58.7805994751753,-54.1112878732692,5.11199796552839,-195.3125,0,-3.90625,12.143045077912,3,0.988595647399505
B,2,Fz,0.5,44,46,11.2597378259286,8.89122692185748,126.80932321218,1350.34430167527,0.169980116083584,0.961695771564166,0.976421587141146,9.02316734848856,-11.9205447845709,11.5032968158101,23.423841600381,7.581359427166,-13.9462055569834,-14.3315991721205,-0.385393615137049,-8.34105157161933,-9.75732811786112,2.78757737904884,0.2734375,0.3515625,0.36328125,-3.44354570143097,-3.52960314450615,-0.0860574430751826,-6.14690066595464,0.5,2.38573009878221,1.38242576831574,-1.00330433046647,8.07188649913818,-0.714386336563194,-8.78627283570138,0.753256004422581,-2.19742753141169,0.91133330217156,0.917497614698427,0.848518153492251,5.10257045829131,-79.7091250525691,-73.9989305097629,1.55655414271036,-222.65625,-144.53125,-93.75,2.84926589440936,3,0.951911261562653
B,2,F3,0.5,44,46,20.9680805186892,10.9345936300973,439.756208090975,8259.39888334807,0.464901669996376,0.840452965365295,0.9562115077871,21.0371724474931,-26.4324813038642,29.5927230946444,56.0252043985086,14.0416909243572,-13.260478607245,-9.96906757961832,3.29141102762666,-7.96574801296943,-6.70203932332533,9.27674621272968,0.28125,0.49609375,0.45703125,-3.27731602562955,-2.45950697675805,0.817809048871505,-3.22345937329614,0.796875,7.38091719712514,4.71619713978151,-2.66472005734364,-4.36414341107367,-27.5208913801325,-23.1567479690588,5.59206999800183,-2.95557971149739,0.961030764775144,0.952270011035711,0.906778966549127,25.8183790946966,-21.0090590893595,-49.1701299713591,-26.8303596204288,-19.53125,0,-15.625,4.98629326610277,6,0.939426080282609
B,2,F4,0.5,44,46,23.9037593561975,11.2883894162814,571.51422426189,12196.0667335136,0.365884121289056,0.945383649626881,0.978698268034916,21.5125413391737,-19.2360409618949,36.2507353096271,55.4867762715221,14.6097481199096,-21.6537771391972,-12.0295951761491,9.6241819630481,-13.9139170075486,-8.93975834624229,13.7023684346971,0.2890625,0.49609375,0.44921875,-5.35042295928606,-2.96698011983532,2.38344283945075,3.12785435945035,1,6.11634706543707,12.8051382226759,6.68879115723882,-5.86721074423184,-40.5799983521415,-34.7127876079096,12.5194587451523,4.04954481823355,0.919414273519972,0.941380538088214,0.924840508044289,8.10573690965132,-87.3517350737306,-100.435494296472,-5.0605901208331,-207.03125,0,-31.25,10.8659950043609,3,0.941966829097328
