record,task,trial,cueIndex,cueTime,cueDir,targetIndex,targetTime,targetDir,clickIndex,clickTime,clickDir,cueToTargetSec,targetToClickSec,inBounds,rawClipped,peakToPeak,maxJump,highPeak,highJump,accepted
VisualCogA_Task-1,1,1,5163,20.1640625,-1,5759,22.4921875,-1,NaN,NaN,NaN,2.328125,NaN,1,0,151.91882200351,52.97932402533,0,0,1
VisualCogA_Task-1,1,2,7539,29.4453125,1,8106,31.66015625,1,NaN,NaN,NaN,2.21484375,NaN,1,0,368.383306630045,26.6727702754254,0,0,1
VisualCogA_Task-1,1,3,9691,37.8515625,-1,10259,40.0703125,-1,NaN,NaN,NaN,2.21875,NaN,1,1,1116.16693369955,27.7714198519875,1,0,0
VisualCogA_Task-1,1,4,11852,46.29296875,-1,12419,48.5078125,-1,NaN,NaN,NaN,2.21484375,NaN,1,0,301.152056153201,39.2156862745097,0,0,1
VisualCogA_Task-1,1,5,14056,54.90234375,1,14624,57.12109375,1,NaN,NaN,NaN,2.21875,NaN,1,0,229.037918669413,26.489662012665,0,0,1
VisualCogA_Task-1,1,6,16217,63.34375,-1,16784,65.55859375,-1,NaN,NaN,NaN,2.21484375,NaN,1,0,771.343556878004,21.9424734874494,1,0,0
VisualCogA_Task-1,1,7,18369,71.75,-1,18937,73.96875,-1,NaN,NaN,NaN,2.21875,NaN,1,0,115.693904020752,26.3370717936981,0,0,1
VisualCogA_Task-1,1,8,20590,80.42578125,-1,21157,82.640625,-1,NaN,NaN,NaN,2.21484375,NaN,1,0,134.004730296788,28.4428168154421,0,0,1
VisualCogA_Task-1,1,9,22706,88.69140625,1,23273,90.90625,1,NaN,NaN,NaN,2.21484375,NaN,1,0,49.7749294270237,26.6117341878386,0,0,1
VisualCogA_Task-1,1,10,24855,97.0859375,1,25422,99.30078125,1,NaN,NaN,NaN,2.21484375,NaN,1,0,71.4427405203326,29.0836957351034,0,0,1
VisualCogA_Task-1,1,11,27103,105.8671875,1,27670,108.08203125,1,NaN,NaN,NaN,2.21484375,NaN,1,0,463.019760433356,34.7600518806742,0,0,1
VisualCogA_Task-1,1,12,29255,114.2734375,1,29823,116.4921875,1,NaN,NaN,NaN,2.21875,NaN,1,0,90.9132524605174,40.5584802014191,0,0,1
VisualCogA_Task-1,1,13,31380,122.57421875,-1,31947,124.7890625,-1,NaN,NaN,NaN,2.21484375,NaN,1,0,67.5974670023651,25.0553139543755,0,0,1
VisualCogA_Task-1,1,14,33521,130.9375,-1,34088,133.15234375,-1,NaN,NaN,NaN,2.21484375,NaN,1,1,403.784237430381,33.1425955596246,0,0,0
VisualCogA_Task-1,1,15,35677,139.359375,1,36244,141.57421875,1,NaN,NaN,NaN,2.21484375,NaN,1,0,117.586022735942,31.0978866254674,0,0,1
VisualCogA_Task-1,1,16,37790,147.61328125,-1,38357,149.828125,-1,NaN,NaN,NaN,2.21484375,NaN,1,0,209.170672159915,29.7245746547646,0,0,1
VisualCogA_Task-1,1,17,39898,155.84765625,1,40466,158.06640625,1,NaN,NaN,NaN,2.21875,NaN,1,0,82.8259708552682,26.3675898374914,0,0,1
VisualCogA_Task-1,1,18,42111,164.4921875,-1,42678,166.70703125,-1,NaN,NaN,NaN,2.21484375,NaN,1,0,56.2752727550163,31.0673685816739,0,0,1
VisualCogA_Task-1,1,19,44283,172.9765625,-1,44850,175.19140625,-1,NaN,NaN,NaN,2.21484375,NaN,1,0,145.235370412757,27.496757457847,0,0,1
VisualCogA_Task-1,1,20,46444,181.41796875,1,47011,183.6328125,1,NaN,NaN,NaN,2.21484375,NaN,1,1,859.235523002975,47.2114137483786,1,0,0
VisualCogA_Task-1,1,21,48580,189.76171875,-1,49148,191.98046875,-1,NaN,NaN,NaN,2.21875,NaN,1,0,157.503624017701,27.9240100709545,0,0,1
VisualCogA_Task-1,1,22,50677,197.953125,-1,51244,200.16796875,-1,NaN,NaN,NaN,2.21484375,NaN,1,0,620.27924010071,37.5066758220798,0,0,1
VisualCogA_Task-1,1,23,52857,206.46875,1,53424,208.68359375,1,NaN,NaN,NaN,2.21484375,NaN,1,0,674.387731746395,30.5790798809796,1,0,0
VisualCogA_Task-1,1,24,55002,214.84765625,-1,55569,217.0625,-1,NaN,NaN,NaN,2.21484375,NaN,1,0,126.924544136721,41.0467689021135,0,0,1
VisualCogA_Task-1,1,25,57134,223.17578125,-1,57701,225.390625,-1,NaN,NaN,NaN,2.21484375,NaN,1,0,513.466086823835,28.6259250782025,0,0,1
VisualCogA_Task-1,1,26,59315,231.6953125,1,59882,233.91015625,1,NaN,NaN,NaN,2.21484375,NaN,1,0,124.635690852216,32.47119859617,0,0,1
VisualCogA_Task-1,1,27,61411,239.8828125,1,61979,242.1015625,1,NaN,NaN,NaN,2.21875,NaN,1,1,1132.40253299763,71.4122224765392,1,1,0
VisualCogA_Task-1,1,28,63576,248.33984375,-1,64143,250.5546875,-1,NaN,NaN,NaN,2.21484375,NaN,1,0,266.636148622873,166.781109330892,0,1,0
VisualCogA_Task-1,1,29,65664,256.49609375,-1,66232,258.71484375,-1,NaN,NaN,NaN,2.21875,NaN,1,0,98.817425803006,26.6727702754254,0,0,1
VisualCogA_Task-1,1,30,67861,265.078125,-1,68428,267.29296875,-1,NaN,NaN,NaN,2.21484375,NaN,1,0,78.6144808117799,34.1802090486,0,0,1
VisualCogA_Task-1,1,31,69977,273.34375,-1,70545,275.5625,-1,NaN,NaN,NaN,2.21875,NaN,1,0,245.304036011292,22.4002441443504,0,0,1
VisualCogA_Task-1,1,32,72082,281.56640625,1,72649,283.78125,1,NaN,NaN,NaN,2.21484375,NaN,1,0,90.3944457160296,27.1610589761196,0,0,1
VisualCogA_Task-1,1,33,74270,290.11328125,1,74838,292.33203125,1,NaN,NaN,NaN,2.21875,NaN,1,0,67.1396963454645,22.8885328450447,0,0,1
VisualCogA_Task-1,1,34,76423,298.5234375,-1,76990,300.73828125,-1,NaN,NaN,NaN,2.21484375,NaN,1,0,104.280155642023,26.3675898374913,0,0,1
VisualCogA_Task-1,1,35,78675,307.3203125,1,79242,309.53515625,1,NaN,NaN,NaN,2.21484375,NaN,1,0,84.1687647821774,21.515220874342,0,0,1
VisualCogA_Task-1,1,36,80792,315.58984375,-1,81359,317.8046875,-1,NaN,NaN,NaN,2.21484375,NaN,1,1,739.269092851148,30.3349355306325,1,0,0
VisualCogA_Task-1,1,37,82932,323.94921875,-1,83500,326.16796875,-1,NaN,NaN,NaN,2.21875,NaN,1,0,357.305256733043,219.150072480354,0,1,0
VisualCogA_Task-1,1,38,85077,332.328125,-1,85644,334.54296875,-1,NaN,NaN,NaN,2.21484375,NaN,1,0,120.576791027695,20.1419089036394,0,0,1
VisualCogA_Task-1,1,39,87205,340.640625,-1,87773,342.859375,-1,NaN,NaN,NaN,2.21875,NaN,1,1,942.061493858244,26.7948424505987,1,0,0
VisualCogA_Task-1,1,40,89354,349.03515625,-1,89921,351.25,-1,NaN,NaN,NaN,2.21484375,NaN,1,1,581.857022964828,21.6983291371023,0,0,0
VisualCogA_Task-1,1,41,91454,357.23828125,-1,92022,359.45703125,-1,NaN,NaN,NaN,2.21875,NaN,1,0,893.842984664683,28.0766002899213,1,0,0
VisualCogA_Task-1,1,42,93555,365.4453125,1,94123,367.6640625,1,NaN,NaN,NaN,2.21875,NaN,1,0,195.193408102541,27.191577019913,0,0,1
VisualCogA_Task-1,1,43,95699,373.8203125,-1,96267,376.0390625,-1,NaN,NaN,NaN,2.21875,NaN,1,0,184.084840161746,23.7125200274662,0,0,1
VisualCogA_Task-1,1,44,97880,382.33984375,1,98447,384.5546875,1,NaN,NaN,NaN,2.21484375,NaN,1,0,151.308461127642,28.1681544213016,0,0,1
VisualCogA_Task-1,1,45,99996,390.60546875,-1,100564,392.82421875,-1,NaN,NaN,NaN,2.21875,NaN,1,0,345.067521171893,29.663538567178,0,0,1
VisualCogA_Task-1,1,46,102097,398.8125,-1,102664,401.02734375,-1,NaN,NaN,NaN,2.21484375,NaN,1,1,351.354238193332,34.2412451361868,0,0,0
VisualCogA_Task-1,1,47,104234,407.16015625,-1,104801,409.375,-1,NaN,NaN,NaN,2.21484375,NaN,1,0,71.1375600823987,25.6046387426567,0,0,1
VisualCogA_Task-1,1,48,106422,415.70703125,1,106989,417.921875,1,NaN,NaN,NaN,2.21484375,NaN,1,0,167.208361943999,28.442816815442,0,0,1
VisualCogA_Task-1,1,49,108594,424.19140625,-1,109162,426.41015625,-1,NaN,NaN,NaN,2.21875,NaN,1,0,61.4938582436866,20.7827878233005,0,0,1
VisualCogA_Task-1,1,50,110727,432.5234375,-1,111294,434.73828125,-1,NaN,NaN,NaN,2.21484375,NaN,1,0,142.824444953079,28.0155642023344,0,0,1
VisualCogA_Task-1,1,51,112836,440.76171875,1,113403,442.9765625,1,NaN,NaN,NaN,2.21484375,NaN,1,0,387.090867475395,24.5365072098878,0,0,1
VisualCogA_Task-1,1,52,114984,449.15234375,1,115552,451.37109375,1,NaN,NaN,NaN,2.21875,NaN,1,0,1117.84542610819,37.0489051651791,1,0,0
VisualCogA_Task-1,1,53,117149,457.609375,1,117716,459.82421875,1,NaN,NaN,NaN,2.21484375,NaN,1,1,1219.4094758526,43.2440680552374,1,0,0
VisualCogA_Task-1,1,54,119265,465.875,-1,119833,468.09375,-1,NaN,NaN,NaN,2.21875,NaN,1,0,844.861524376288,27.4357213702601,1,0,0
VisualCogA_Task-1,1,55,121418,474.28515625,1,121985,476.5,1,NaN,NaN,NaN,2.21484375,NaN,1,0,136.53772793164,24.4144350347143,0,0,1
VisualCogA_Task-1,1,56,123542,482.58203125,-1,124110,484.80078125,-1,NaN,NaN,NaN,2.21875,NaN,1,0,225.467307545586,32.3186083772031,0,0,1
VisualCogA_Task-1,1,57,125703,491.0234375,-1,126270,493.23828125,-1,NaN,NaN,NaN,2.21484375,NaN,1,0,180.117494468605,29.8161287861451,0,0,1
VisualCogA_Task-1,1,58,127863,499.4609375,1,128430,501.67578125,1,NaN,NaN,NaN,2.21484375,NaN,1,0,120.302128633554,25.8182650492104,0,0,1
VisualCogA_Task-1,1,59,130028,507.91796875,1,130595,510.1328125,1,NaN,NaN,NaN,2.21484375,NaN,1,0,193.667505912871,25.1468680857558,0,0,1
VisualCogA_Task-1,1,60,132176,516.30859375,-1,132743,518.5234375,-1,NaN,NaN,NaN,2.21484375,NaN,1,0,228.274967574578,33.6614023041122,0,0,1
VisualCogA_Task-1,1,61,134337,524.75,1,134904,526.96484375,1,NaN,NaN,NaN,2.21484375,NaN,1,0,110.383764400702,26.4591439688717,0,0,1
VisualCogA_Task-1,1,62,136657,533.8125,-1,137224,536.02734375,-1,NaN,NaN,NaN,2.21484375,NaN,1,0,158.052948805981,29.8771648737317,0,0,1
VisualCogA_Task-1,1,63,138789,542.140625,1,139357,544.359375,1,NaN,NaN,NaN,2.21875,NaN,1,0,425.757228961624,33.2341496910046,0,0,1
VisualCogA_Task-1,1,64,140942,550.55078125,1,141509,552.765625,1,NaN,NaN,NaN,2.21484375,NaN,1,0,424.811169604028,71.4732585641259,0,1,0
VisualCogA_Task-1,1,65,143038,558.73828125,-1,143606,560.95703125,-1,NaN,NaN,NaN,2.21875,NaN,1,0,70.1609826810101,30.2128633554588,0,0,1
VisualCogA_Task-1,1,66,145215,567.2421875,1,145782,569.45703125,1,NaN,NaN,NaN,2.21484375,NaN,1,0,209.597924773022,33.2341496910046,0,0,1
VisualCogA_Task-1,1,67,147339,575.5390625,-1,147907,577.7578125,-1,NaN,NaN,NaN,2.21875,NaN,1,0,169.28358892195,32.1965362020295,0,0,1
VisualCogA_Task-1,1,68,149496,583.96484375,-1,150063,586.1796875,-1,NaN,NaN,NaN,2.21484375,NaN,1,0,146.181429770352,40.7110704203862,0,0,1
VisualCogA_Task-1,1,69,151612,592.23046875,1,152180,594.44921875,1,NaN,NaN,NaN,2.21875,NaN,1,0,142.458228427558,40.9857328145265,0,0,1
VisualCogA_Task-1,1,70,153761,600.625,1,154328,602.83984375,1,NaN,NaN,NaN,2.21484375,NaN,1,0,97.7492942702373,31.0673685816739,0,0,1
VisualCogA_Task-1,1,71,155890,608.94140625,-1,156457,611.15625,-1,NaN,NaN,NaN,2.21484375,NaN,1,0,153.658350499733,48.4321355001143,0,0,1
VisualCogA_Task-1,1,72,158018,617.25390625,1,158585,619.46875,1,NaN,NaN,NaN,2.21484375,NaN,1,0,114.473182269017,36.4385442893109,0,0,1
VisualCogA_Task-1,1,73,160091,625.3515625,-1,160658,627.56640625,-1,NaN,NaN,NaN,2.21484375,NaN,1,0,156.221866178378,33.0815594720378,0,0,1
VisualCogA_Task-1,1,74,162255,633.8046875,1,162822,636.01953125,1,NaN,NaN,NaN,2.21484375,NaN,1,0,370.000762951095,23.2852674143587,0,0,1
VisualCogA_Task-1,1,75,164368,642.05859375,-1,164935,644.2734375,-1,NaN,NaN,NaN,2.21484375,NaN,1,0,185.976958876936,25.9403372243839,0,0,1
VisualCogA_Task-1,1,76,166496,650.37109375,1,167064,652.58984375,1,NaN,NaN,NaN,2.21875,NaN,1,0,187.533379110399,31.8303196765088,0,0,1
VisualCogA_Task-1,1,77,168597,658.578125,-1,169164,660.79296875,-1,NaN,NaN,NaN,2.21484375,NaN,1,1,298.710612649729,24.8416876478218,0,0,0
VisualCogA_Task-1,1,78,170737,666.9375,-1,171305,669.15625,-1,NaN,NaN,NaN,2.21875,NaN,1,0,790.478370336461,44.2206454566262,1,0,0
VisualCogA_Task-1,1,79,172862,675.23828125,-1,173430,677.45703125,-1,NaN,NaN,NaN,2.21875,NaN,1,0,82.1545738918135,33.1425955596246,0,0,1
VisualCogA_Task-1,1,80,175003,683.6015625,-1,175570,685.81640625,-1,NaN,NaN,NaN,2.21484375,NaN,1,0,123.720149538415,29.907682917525,0,0,1
VisualCogA_Task-1,1,81,177171,692.0703125,-1,177738,694.28515625,-1,NaN,NaN,NaN,2.21484375,NaN,1,0,201.022354467079,39.8870832379644,0,0,1
VisualCogA_Task-1,1,82,179319,700.4609375,1,179887,702.6796875,1,NaN,NaN,NaN,2.21875,NaN,1,0,98.7258716716257,32.9900053406577,0,0,1
VisualCogA_Task-1,1,83,181460,708.82421875,-1,182027,711.0390625,-1,NaN,NaN,NaN,2.21484375,NaN,1,0,249.485008010986,30.7927061875334,0,0,1
VisualCogA_Task-1,1,84,183557,717.015625,1,184124,719.23046875,1,NaN,NaN,NaN,2.21484375,NaN,1,0,498.970016021973,38.8189517051956,0,0,1
VisualCogA_Task-1,1,85,185673,725.28125,-1,186240,727.49609375,-1,NaN,NaN,NaN,2.21484375,NaN,1,0,387.335011825742,33.9360646982529,0,0,1
VisualCogA_Task-1,1,86,187790,733.55078125,1,188357,735.765625,1,NaN,NaN,NaN,2.21484375,NaN,1,0,163.485160601206,27.4967574578471,0,0,1
VisualCogA_Task-1,1,87,189910,741.83203125,1,190478,744.05078125,1,NaN,NaN,NaN,2.21875,NaN,1,0,105.653467612726,31.8303196765088,0,0,1
VisualCogA_Task-1,1,88,192087,750.3359375,1,192654,752.55078125,1,NaN,NaN,NaN,2.21484375,NaN,1,1,928.877698939498,36.1943999389639,1,0,0
VisualCogA_Task-1,1,89,194211,758.6328125,1,194779,760.8515625,1,NaN,NaN,NaN,2.21875,NaN,1,0,160.7385366598,23.9566643778135,0,0,1
VisualCogA_Task-1,1,90,196340,766.94921875,1,196907,769.1640625,1,NaN,NaN,NaN,2.21484375,NaN,1,0,151.979858091096,32.2270542458227,0,0,1
VisualCogA_Task-1,1,91,198452,775.19921875,-1,199020,777.41796875,-1,NaN,NaN,NaN,2.21875,NaN,1,0,611.795223926146,39.2156862745101,0,0,1
VisualCogA_Task-1,1,92,200657,783.8125,1,201224,786.02734375,1,NaN,NaN,NaN,2.21484375,NaN,1,0,91.3405050736247,31.0673685816739,0,0,1
VisualCogA_Task-1,1,93,202757,792.015625,1,203325,794.234375,1,NaN,NaN,NaN,2.21875,NaN,1,0,178.744182497902,28.3817807278554,0,0,1
VisualCogA_Task-1,1,94,204942,800.55078125,1,205509,802.765625,1,NaN,NaN,NaN,2.21484375,NaN,1,0,113.557640955215,43.6713206683452,0,0,1
VisualCogA_Task-1,1,95,207114,809.03515625,-1,207682,811.25390625,-1,NaN,NaN,NaN,2.21875,NaN,1,0,134.706645304036,30.7621881437401,0,0,1
VisualCogA_Task-1,1,96,209287,817.5234375,1,209854,819.73828125,1,NaN,NaN,NaN,2.21484375,NaN,1,0,156.466010528725,44.6784161135272,0,0,1
VisualCogA_Task-1,1,97,211383,825.7109375,1,211951,827.9296875,1,NaN,NaN,NaN,2.21875,NaN,1,0,317.082475013352,30.1823453116656,0,0,1
VisualCogA_Task-1,1,98,213468,833.85546875,-1,214035,836.0703125,-1,NaN,NaN,NaN,2.21484375,NaN,1,0,612.924391546502,36.8657969024187,0,0,1
VisualCogA_Task-1,1,99,215620,842.26171875,-1,216188,844.48046875,-1,NaN,NaN,NaN,2.21875,NaN,1,0,116.334782940414,28.3817807278554,0,0,1
VisualCogA_Task-1,1,100,217817,850.84375,1,218384,853.05859375,1,NaN,NaN,NaN,2.21484375,NaN,1,0,99.7024490730146,29.9382009613184,0,0,1
VisualCogA_Task-2,2,1,5134,20.05078125,1,5702,22.26953125,-1,6135,23.9609375,-1,2.21875,1.69140625,1,0,404.058899824521,33.5393301289387,0,0,1
VisualCogA_Task-2,2,2,7419,28.9765625,-1,7986,31.19140625,-1,8491,33.1640625,-1,2.21484375,1.97265625,1,0,272.709239337759,31.9523918516824,0,0,1
VisualCogA_Task-2,2,3,9779,38.1953125,-1,10346,40.41015625,-1,10731,41.9140625,-1,2.21484375,1.50390625,1,0,135.347524223698,29.8771648737315,0,0,1
VisualCogA_Task-2,2,4,12015,46.9296875,-1,12582,49.14453125,-1,12970,50.66015625,-1,2.21484375,1.515625,1,0,114.50370031281,32.6543068589303,0,0,1
VisualCogA_Task-2,2,5,14256,55.68359375,1,14823,57.8984375,-1,15194,59.34765625,-1,2.21484375,1.44921875,1,0,253.330281528954,32.7763790341039,0,0,1
VisualCogA_Task-2,2,6,16480,64.37109375,-1,17047,66.5859375,1,17390,67.92578125,1,2.21484375,1.33984375,1,0,269.901579308766,26.1844815747311,0,0,1
VisualCogA_Task-2,2,7,18676,72.94921875,1,19244,75.16796875,-1,19581,76.484375,-1,2.21875,1.31640625,1,0,159.945067521172,25.72671091783,0,0,1
VisualCogA_Task-2,2,8,20865,81.5,1,21432,83.71484375,-1,21773,85.046875,-1,2.21484375,1.33203125,1,0,335.393301289387,32.5932707713436,0,0,1
VisualCogA_Task-2,2,9,23057,90.0625,-1,23625,92.28125,1,24051,93.9453125,1,2.21875,1.6640625,1,0,248.08117799649,30.4875257495994,0,0,1
VisualCogA_Task-2,2,10,25338,98.97265625,-1,25905,101.1875,-1,26249,102.53125,-1,2.21484375,1.34375,1,0,339.665827420462,24.9637598229954,0,0,1
VisualCogA_Task-2,2,11,27534,107.55078125,1,28101,109.765625,1,28479,111.2421875,1,2.21484375,1.4765625,1,0,166.384374761578,33.2951857785918,0,0,1
VisualCogA_Task-2,2,12,29762,116.25390625,1,30330,118.47265625,-1,30688,119.87109375,-1,2.21875,1.3984375,1,0,379.278248264286,31.9829098954758,0,0,1
VisualCogA_Task-2,2,13,31971,124.8828125,1,32538,127.09765625,-1,32884,128.44921875,-1,2.21484375,1.3515625,1,0,201.449607080186,21.3321126115816,0,0,1
VisualCogA_Task-2,2,14,34167,133.4609375,-1,34735,135.6796875,-1,35128,137.21484375,-1,2.21875,1.53515625,1,0,609.506370641642,28.9921416037232,0,0,1
VisualCogA_Task-2,2,15,36416,142.24609375,-1,36983,144.4609375,1,37416,146.15234375,1,2.21484375,1.69140625,1,0,217.257953765164,23.0411230640116,0,0,1
VisualCogA_Task-2,2,16,38700,151.16796875,-1,39268,153.38671875,1,39658,154.91015625,1,2.21875,1.5234375,1,0,252.079041733425,29.205767910277,0,0,1
VisualCogA_Task-2,2,17,40944,159.93359375,1,41512,162.15234375,-1,41875,163.5703125,-1,2.21875,1.41796875,1,0,456.366826886397,24.933241779202,0,0,1
VisualCogA_Task-2,2,18,43165,168.609375,1,43732,170.82421875,1,44134,172.39453125,1,2.21484375,1.5703125,1,0,489.417868314641,21.2710765239948,0,0,1
VisualCogA_Task-2,2,19,45421,177.421875,-1,45989,179.640625,1,46307,180.8828125,1,2.21875,1.2421875,1,0,546.211947814145,23.9566643778135,0,0,1
VisualCogA_Task-2,2,20,47594,185.91015625,-1,48161,188.125,1,48539,189.6015625,1,2.21484375,1.4765625,1,0,290.409704737926,27.0389868009461,0,0,1
VisualCogA_Task-2,2,21,49822,194.61328125,1,50389,196.828125,-1,50720,198.12109375,-1,2.21484375,1.29296875,1,0,232.028686961166,22.0950637064163,0,0,1
VisualCogA_Task-2,2,22,52006,203.14453125,-1,52574,205.36328125,-1,52940,206.79296875,-1,2.21875,1.4296875,1,0,646.219577325093,21.057450217441,0,0,1
VisualCogA_Task-2,2,23,54227,211.8203125,1,54794,214.03515625,1,55132,215.35546875,1,2.21484375,1.3203125,1,0,425.696192874037,21.5762569619287,0,0,1
VisualCogA_Task-2,2,24,56419,220.3828125,1,56987,222.6015625,-1,57345,224,-1,2.21875,1.3984375,1,0,63.9047837033645,25.4215304798965,0,0,1
VisualCogA_Task-2,2,25,58632,229.02734375,-1,59199,231.2421875,1,59513,232.46875,1,2.21484375,1.2265625,1,0,345.342183566033,26.1844815747309,0,0,1
VisualCogA_Task-2,2,26,60796,237.48046875,-1,61364,239.69921875,1,61689,240.96875,1,2.21875,1.26953125,1,0,225.253681239033,26.9169146257725,0,0,1
VisualCogA_Task-2,2,27,62973,245.984375,1,63540,248.19921875,1,63896,249.58984375,1,2.21484375,1.390625,1,0,576.852063782711,22.766460669871,0,0,1
VisualCogA_Task-2,2,28,65182,254.61328125,1,65749,256.828125,1,66120,258.27734375,1,2.21484375,1.44921875,1,0,303.288319218738,21.515220874342,0,0,1
VisualCogA_Task-2,2,29,67406,263.30078125,1,67973,265.515625,1,68400,267.18359375,1,2.21484375,1.66796875,1,0,681.681544213016,22.064545662623,0,0,1
VisualCogA_Task-2,2,30,69686,272.20703125,-1,70253,274.421875,-1,70657,276,-1,2.21484375,1.578125,1,1,2000,2000,1,1,0
VisualCogA_Task-2,2,31,71942,281.01953125,-1,72510,283.23828125,1,72820,284.44921875,1,2.21875,1.2109375,1,0,237.399862668803,34.0276188296332,0,0,1
VisualCogA_Task-2,2,32,74111,289.4921875,-1,74678,291.70703125,1,74977,292.875,1,2.21484375,1.16796875,1,0,182.162203402762,29.2362859540701,0,0,1
VisualCogA_Task-2,2,33,76263,297.8984375,1,76831,300.1171875,1,77165,301.421875,1,2.21875,1.3046875,1,1,2000,2000,1,1,0
VisualCogA_Task-2,2,34,78456,306.46484375,-1,79023,308.6796875,-1,79407,310.1796875,-1,2.21484375,1.5,1,0,176.150148775464,20.6912336919204,0,0,1
VisualCogA_Task-2,2,35,80692,315.19921875,-1,81259,317.4140625,-1,81633,318.875,-1,2.21484375,1.4609375,1,0,166.598001068132,18.4328984512092,0,0,1
VisualCogA_Task-2,2,36,82916,323.88671875,1,83484,326.10546875,1,83786,327.28515625,1,2.21875,1.1796875,1,0,105.86709391928,27.1610589761194,0,0,1
VisualCogA_Task-2,2,37,85073,332.3125,1,85640,334.52734375,1,85984,335.87109375,1,2.21484375,1.34375,1,0,359.197375448234,29.9382009613183,0,0,1
VisualCogA_Task-2,2,38,87273,340.90625,-1,87841,343.125,1,88206,344.55078125,1,2.21875,1.42578125,1,0,234.775310902571,22.0340276188294,0,0,1
VisualCogA_Task-2,2,39,89490,349.56640625,1,90058,351.78515625,1,90474,353.41015625,1,2.21875,1.625,1,0,799.084458686198,26.1844815747311,0,0,1
VisualCogA_Task-2,2,40,91758,358.42578125,-1,92326,360.64453125,1,92651,361.9140625,1,2.21875,1.26953125,1,0,453.406576638437,20.5691615167468,0,0,1
VisualCogA_Task-2,2,41,93939,366.9453125,-1,94506,369.16015625,-1,94898,370.69140625,-1,2.21484375,1.53125,1,0,1044.26642252232,28.7785152971694,0,0,1
VisualCogA_Task-2,2,42,96183,375.7109375,-1,96751,377.9296875,-1,97092,379.26171875,-1,2.21875,1.33203125,1,0,149.172198062104,20.5386434729533,0,0,1
VisualCogA_Task-2,2,43,98376,384.27734375,-1,98943,386.4921875,-1,99284,387.82421875,-1,2.21484375,1.33203125,1,0,824.261844815747,20.2639810788128,0,0,1
VisualCogA_Task-2,2,44,100572,392.85546875,-1,101140,395.07421875,1,101558,396.70703125,1,2.21875,1.6328125,1,0,306.09597924773,20.0808728160524,0,0,1
VisualCogA_Task-2,2,45,102844,401.73046875,-1,103412,403.94921875,1,103720,405.15234375,1,2.21875,1.203125,1,1,2000,2000,1,1,0
VisualCogA_Task-2,2,46,105005,410.171875,-1,105573,412.390625,-1,105916,413.73046875,-1,2.21875,1.33984375,1,0,341.649500267033,24.4754711223011,0,0,1
VisualCogA_Task-2,2,47,107202,418.75390625,-1,107769,420.96875,1,108082,422.19140625,1,2.21484375,1.22265625,1,0,155.61150530251,22.0645456626228,0,0,1
VisualCogA_Task-2,2,48,109366,427.20703125,-1,109934,429.42578125,-1,110318,430.92578125,-1,2.21875,1.5,1,0,199.404898146029,24.8416876478218,0,0,1
VisualCogA_Task-2,2,49,111602,435.94140625,1,112170,438.16015625,-1,112552,439.65234375,-1,2.21875,1.4921875,1,0,538.399328603037,19.8062104219119,0,0,1
VisualCogA_Task-2,2,50,113839,444.6796875,1,114407,446.8984375,-1,114786,448.37890625,-1,2.21875,1.48046875,1,0,650.919356069276,27.4357213702601,0,0,1
VisualCogA_Task-2,2,51,116072,453.40234375,-1,116639,455.6171875,1,117012,457.07421875,1,2.21484375,1.45703125,1,0,845.716029602502,136.171511406119,0,1,0
VisualCogA_Task-2,2,52,118296,462.08984375,1,118863,464.3046875,1,119159,465.4609375,1,2.21484375,1.15625,1,0,476.661326009003,21.8204013122759,0,0,1
VisualCogA_Task-2,2,53,120444,470.48046875,1,121012,472.69921875,-1,121381,474.140625,-1,2.21875,1.44140625,1,0,171.023117418174,24.7501335164416,0,0,1
VisualCogA_Task-2,2,54,122665,479.15625,-1,123232,481.37109375,1,123591,482.7734375,1,2.21484375,1.40234375,1,0,716.868848706798,22.8885328450449,0,0,1
VisualCogA_Task-2,2,55,124877,487.796875,-1,125445,490.015625,1,125769,491.28125,1,2.21875,1.265625,1,0,657.938506141756,17.7309834439613,0,0,1
VisualCogA_Task-2,2,56,127058,496.31640625,1,127625,498.53125,1,127995,499.9765625,1,2.21484375,1.4453125,1,0,579.35454337377,17.944609750515,0,0,1
VisualCogA_Task-2,2,57,129278,504.98828125,1,129846,507.20703125,-1,130218,508.66015625,-1,2.21875,1.453125,1,0,247.959105821317,18.3108262760359,0,0,1
VisualCogA_Task-2,2,58,131503,513.6796875,1,132070,515.89453125,1,132455,517.3984375,1,2.21484375,1.50390625,1,0,359.411001754787,20.1724269474325,0,0,1
VisualCogA_Task-2,2,59,133739,522.4140625,1,134307,524.6328125,-1,134682,526.09765625,-1,2.21875,1.46484375,1,0,247.074082551308,21.8814373998628,0,0,1
VisualCogA_Task-2,2,60,135967,531.1171875,1,136535,533.3359375,-1,136917,534.828125,-1,2.21875,1.4921875,1,0,522.987716487373,28.7479972533763,0,0,1
VisualCogA_Task-2,2,61,138204,539.85546875,-1,138771,542.0703125,1,139160,543.58984375,1,2.21484375,1.51953125,1,0,296.849011978332,20.2944991226062,0,0,1
VisualCogA_Task-2,2,62,140444,548.60546875,1,141012,550.82421875,-1,141340,552.10546875,-1,2.21875,1.28125,1,0,749.004348821241,21.2710765239948,0,0,1
VisualCogA_Task-2,2,63,142629,557.140625,-1,143196,559.35546875,1,143543,560.7109375,1,2.21484375,1.35546875,1,1,892.652780956741,23.6514839398794,0,0,0
VisualCogA_Task-2,2,64,144829,565.734375,-1,145397,567.953125,-1,145741,569.296875,-1,2.21875,1.34375,1,0,437.354085603113,20.904859998474,0,0,1
VisualCogA_Task-2,2,65,147026,574.31640625,1,147593,576.53125,1,147916,577.79296875,1,2.21484375,1.26171875,1,0,229.587243457694,16.4187075608454,0,0,1
VisualCogA_Task-2,2,66,149202,582.81640625,-1,149770,585.03515625,-1,150100,586.32421875,-1,2.21875,1.2890625,1,0,185.305561913481,17.792019531548,0,0,1
VisualCogA_Task-2,2,67,151387,591.3515625,1,151954,593.56640625,1,152276,594.82421875,1,2.21484375,1.2578125,1,0,660.166323338674,22.0950637064165,0,0,1
VisualCogA_Task-2,2,68,153563,599.8515625,1,154130,602.06640625,-1,154520,603.58984375,-1,2.21484375,1.5234375,1,0,187.106126497291,18.7685969329366,0,0,1
VisualCogA_Task-2,2,69,155803,608.6015625,-1,156371,610.8203125,-1,156766,612.36328125,-1,2.21875,1.54296875,1,0,125.795376516365,46.9367513542383,0,0,1
VisualCogA_Task-2,2,70,158052,617.38671875,-1,158619,619.6015625,-1,158960,620.93359375,-1,2.21484375,1.33203125,1,0,432.837415121691,21.8204013122759,0,0,1
VisualCogA_Task-2,2,71,160244,625.94921875,1,160812,628.16796875,-1,161127,629.3984375,-1,2.21875,1.23046875,1,0,180.941481651026,18.1887541008623,0,0,1
VisualCogA_Task-2,2,72,162413,634.421875,1,162980,636.63671875,-1,163277,637.796875,-1,2.21484375,1.16015625,1,0,548.348210879683,35.9807736324099,0,0,1
VisualCogA_Task-2,2,73,164561,642.8125,1,165128,645.02734375,1,165504,646.49609375,1,2.21484375,1.46875,1,0,200.13733119707,25.9098191805906,0,0,1
VisualCogA_Task-2,2,74,166790,651.51953125,1,167357,653.734375,-1,167722,655.16015625,-1,2.21484375,1.42578125,1,0,288.487067978943,20.7827878233006,0,0,1
VisualCogA_Task-2,2,75,169006,660.17578125,-1,169573,662.390625,1,169900,663.66796875,1,2.21484375,1.27734375,1,0,237.216754406043,25.3299763485161,0,0,1
VisualCogA_Task-2,2,76,171186,668.69140625,-1,171754,670.91015625,-1,172159,672.4921875,-1,2.21875,1.58203125,1,0,108.979934386206,29.6940566109713,0,0,1
VisualCogA_Task-2,2,77,173443,677.5078125,-1,174010,679.72265625,1,174334,680.98828125,1,2.21484375,1.265625,1,0,323.491264209964,16.937514305333,0,0,1
VisualCogA_Task-2,2,78,175619,686.0078125,1,176187,688.2265625,1,176597,689.828125,1,2.21875,1.6015625,1,0,505.439841306172,20.6912336919202,0,0,1
VisualCogA_Task-2,2,79,177884,694.85546875,-1,178451,697.0703125,1,178762,698.28515625,1,2.21484375,1.21484375,1,0,163.454642557412,23.8956282902266,0,0,1
VisualCogA_Task-2,2,80,180048,703.30859375,1,180615,705.5234375,-1,181010,707.06640625,-1,2.21484375,1.54296875,1,0,901.319905394064,21.8204013122759,0,0,1
VisualCogA_Task-2,2,81,182296,712.08984375,-1,182864,714.30859375,1,183208,715.65234375,1,2.21875,1.34375,1,0,853.009842069123,23.5294117647059,0,0,1
VisualCogA_Task-2,2,82,184493,720.671875,1,185060,722.88671875,-1,185434,724.34765625,-1,2.21484375,1.4609375,1,0,284.519722285801,55.8785381857024,0,0,1
VisualCogA_Task-2,2,83,186721,729.375,1,187289,731.59375,1,187640,732.96484375,1,2.21875,1.37109375,1,0,507.545586327916,38.6968795300221,0,0,1
VisualCogA_Task-2,2,84,188926,737.98828125,-1,189493,740.203125,1,189825,741.5,1,2.21484375,1.296875,1,0,367.162584878309,42.2980086976424,0,0,1
VisualCogA_Task-2,2,85,191110,746.51953125,1,191678,748.73828125,1,192035,750.1328125,1,2.21875,1.39453125,1,0,499.519340810254,24.7196154726482,0,0,1
VisualCogA_Task-2,2,86,193323,755.1640625,-1,193890,757.37890625,-1,194186,758.53515625,-1,2.21484375,1.15625,1,1,2000,2000,1,1,0
VisualCogA_Task-2,2,87,195471,763.5546875,-1,196039,765.7734375,-1,196381,767.109375,-1,2.21875,1.3359375,1,0,817.608911268788,114.015411612116,0,1,0
VisualCogA_Task-2,2,88,197672,772.15234375,1,198239,774.3671875,1,198520,775.46484375,1,2.21484375,1.09765625,1,0,882.703898680094,28.9311055161364,0,0,1
VisualCogA_Task-2,2,89,199804,780.48046875,-1,200372,782.69921875,1,200715,784.0390625,1,2.21875,1.33984375,1,0,340.428778515297,40.6500343327994,0,0,1
VisualCogA_Task-2,2,90,202001,789.0625,-1,202568,791.27734375,-1,203020,793.04296875,-1,2.21484375,1.765625,1,0,801.251239795529,26.1234454871443,0,0,1
VisualCogA_Task-2,2,91,204305,798.0625,-1,204872,800.27734375,1,205215,801.6171875,1,2.21484375,1.33984375,1,0,90.9132524605172,23.5904478522928,0,0,1
VisualCogA_Task-2,2,92,206501,806.640625,-1,207069,808.859375,-1,207464,810.40234375,-1,2.21875,1.54296875,1,0,304.356450751507,31.5861753261617,0,0,1
VisualCogA_Task-2,2,93,208750,815.42578125,1,209317,817.640625,1,209642,818.91015625,1,2.21484375,1.26953125,1,0,330.815594720378,30.1518272678722,0,0,1
VisualCogA_Task-2,2,94,210926,823.92578125,-1,211494,826.14453125,1,211865,827.59375,1,2.21875,1.44921875,1,0,938.643472953384,35.4619668879226,0,0,1
VisualCogA_Task-2,2,95,213151,832.6171875,-1,213718,834.83203125,1,214041,836.09375,1,2.21484375,1.26171875,1,0,298.619058518349,34.5464255741207,0,0,1
VisualCogA_Task-2,2,96,215327,841.1171875,-1,215895,843.3359375,1,216248,844.71484375,1,2.21875,1.37890625,1,0,229.983978027009,23.0716411078051,0,0,1
VisualCogA_Task-2,2,97,217536,849.74609375,-1,218103,851.9609375,-1,218430,853.23828125,-1,2.21484375,1.27734375,1,0,181.368734264134,18.1277180132752,0,0,1
VisualCogA_Task-2,2,98,219716,858.26171875,-1,220283,860.4765625,-1,220618,861.78515625,-1,2.21484375,1.30859375,1,0,319.249256122683,20.8133058670938,0,0,1
VisualCogA_Task-2,2,99,221905,866.8125,-1,222472,869.02734375,1,222811,870.3515625,1,2.21484375,1.32421875,1,0,268.650339513237,20.0808728160525,0,0,1
VisualCogA_Task-2,2,100,224097,875.375,-1,224664,877.58984375,-1,225023,878.9921875,-1,2.21484375,1.40234375,1,0,496.284428168154,21.8204013122759,0,0,1
VisualCogB_Task-1,1,1,5155,20.1328125,-1,5727,22.3671875,-1,NaN,NaN,NaN,2.234375,NaN,1,0,273.62478065156,26.7948424505989,0,0,1
VisualCogB_Task-1,1,2,7487,29.2421875,-1,8055,31.4609375,-1,NaN,NaN,NaN,2.21875,NaN,1,0,170.016021972991,119.111924925612,0,1,0
VisualCogB_Task-1,1,3,9648,37.68359375,1,10215,39.8984375,1,NaN,NaN,NaN,2.21484375,NaN,1,0,136.354619668879,42.8473334859235,0,0,1
VisualCogB_Task-1,1,4,11777,46,-1,12344,48.21484375,-1,NaN,NaN,NaN,2.21484375,NaN,1,0,176.791027695125,46.997787441825,0,0,1
VisualCogB_Task-1,1,5,13889,54.25,1,14456,56.46484375,1,NaN,NaN,NaN,2.21484375,NaN,1,0,799.786373693446,36.6826886396582,0,0,1
VisualCogB_Task-1,1,6,16050,62.69140625,1,16617,64.90625,1,NaN,NaN,NaN,2.21484375,NaN,1,0,583.688105592431,41.3214312962539,0,0,1
VisualCogB_Task-1,1,7,18234,71.22265625,1,18801,73.4375,1,NaN,NaN,NaN,2.21484375,NaN,1,0,95.4604409857327,28.0155642023346,0,0,1
VisualCogB_Task-1,1,8,20379,79.6015625,-1,20946,81.81640625,-1,NaN,NaN,NaN,2.21484375,NaN,1,0,151.888303959716,23.6820019836728,0,0,1
VisualCogB_Task-1,1,9,22479,87.8046875,-1,23047,90.0234375,-1,NaN,NaN,NaN,2.21875,NaN,1,0,86.4576180666819,29.755092698558,0,0,1
VisualCogB_Task-1,1,10,24783,96.8046875,-1,25351,99.0234375,-1,NaN,NaN,NaN,2.21875,NaN,1,0,122.95719844358,27.801937895781,0,0,1
VisualCogB_Task-1,1,11,26964,105.32421875,1,27531,107.5390625,1,NaN,NaN,NaN,2.21484375,NaN,1,0,100.617990386816,26.1234454871442,0,0,1
VisualCogB_Task-1,1,12,29104,113.68359375,-1,29672,115.90234375,-1,NaN,NaN,NaN,2.21875,NaN,1,0,97.6577401388571,43.4576943617914,0,0,1
VisualCogB_Task-1,1,13,31237,122.015625,1,31805,124.234375,1,NaN,NaN,NaN,2.21875,NaN,1,0,159.945067521172,39.6429388876173,0,0,1
VisualCogB_Task-1,1,14,33361,130.3125,1,33929,132.53125,1,NaN,NaN,NaN,2.21875,NaN,1,1,855.237659266041,30.2433813992523,0,0,0
VisualCogB_Task-1,1,15,35554,138.87890625,-1,36121,141.09375,-1,NaN,NaN,NaN,2.21484375,NaN,1,0,99.6108949416342,35.6145571068895,0,0,1
VisualCogB_Task-1,1,16,37667,147.1328125,1,38234,149.34765625,1,NaN,NaN,NaN,2.21484375,NaN,1,0,117.92172121767,44.0375371938659,0,0,1
VisualCogB_Task-1,1,17,39799,155.4609375,-1,40366,157.67578125,-1,NaN,NaN,NaN,2.21484375,NaN,1,0,334.111543450065,33.8445105668726,0,0,1
VisualCogB_Task-1,1,18,41900,163.66796875,-1,42467,165.8828125,-1,NaN,NaN,NaN,2.21484375,NaN,1,0,356.878004119936,35.4619668879227,0,0,1
VisualCogB_Task-1,1,19,44056,172.08984375,1,44624,174.30859375,1,NaN,NaN,NaN,2.21875,NaN,1,0,285.770962081331,39.703974975204,0,0,1
VisualCogB_Task-1,1,20,46169,180.34375,-1,46736,182.55859375,-1,NaN,NaN,NaN,2.21484375,NaN,1,0,608.010986495766,38.2085908293279,0,0,1
VisualCogB_Task-1,1,21,48305,188.6875,1,48873,190.90625,1,NaN,NaN,NaN,2.21875,NaN,1,0,86.3660639353017,36.6826886396583,0,0,1
VisualCogB_Task-1,1,22,50462,197.11328125,1,51029,199.328125,1,NaN,NaN,NaN,2.21484375,NaN,1,0,177.096208133059,35.5535210193026,0,0,1
VisualCogB_Task-1,1,23,52618,205.53515625,1,53186,207.75390625,1,NaN,NaN,NaN,2.21875,NaN,1,1,756.176089112688,42.3895628290227,0,0,0
VisualCogB_Task-1,1,24,54763,213.9140625,1,55330,216.12890625,1,NaN,NaN,NaN,2.21484375,NaN,1,0,290.104524299992,55.5123216601816,0,0,1
VisualCogB_Task-1,1,25,56883,222.1953125,1,57451,224.4140625,1,NaN,NaN,NaN,2.21875,NaN,1,1,1291.64568551156,32.6543068589301,0,0,0
VisualCogB_Task-1,1,26,58976,230.37109375,1,59544,232.58984375,1,NaN,NaN,NaN,2.21875,NaN,1,0,85.5725947966735,44.0985732814526,0,0,1
VisualCogB_Task-1,1,27,61073,238.5625,1,61640,240.77734375,1,NaN,NaN,NaN,2.21484375,NaN,1,0,133.943694209201,33.8445105668727,0,0,1
VisualCogB_Task-1,1,28,63177,246.78125,1,63745,249,1,NaN,NaN,NaN,2.21875,NaN,1,0,321.29396505684,38.5137712672616,0,0,1
VisualCogB_Task-1,1,29,65366,255.33203125,1,65933,257.546875,1,NaN,NaN,NaN,2.21484375,NaN,1,0,169.130998702983,29.1142137788968,0,0,1
VisualCogB_Task-1,1,30,67490,263.62890625,-1,68058,265.84765625,-1,NaN,NaN,NaN,2.21875,NaN,1,0,615.15220874342,26.733806363012,0,0,1
VisualCogB_Task-1,1,31,69695,272.2421875,1,70262,274.45703125,1,NaN,NaN,NaN,2.21484375,NaN,1,0,197.573815518425,33.5393301289389,0,0,1
VisualCogB_Task-1,1,32,71823,280.5546875,-1,72390,282.76953125,-1,NaN,NaN,NaN,2.21484375,NaN,1,0,399.176012817578,31.2809948882276,0,0,1
VisualCogB_Task-1,1,33,73896,288.65234375,-1,74463,290.8671875,-1,NaN,NaN,NaN,2.21484375,NaN,1,0,195.559624628061,36.4080262455177,0,0,1
VisualCogB_Task-1,1,34,76036,297.01171875,1,76604,299.23046875,1,NaN,NaN,NaN,2.21875,NaN,1,0,367.895017929351,24.7501335164416,0,0,1
VisualCogB_Task-1,1,35,78189,305.421875,-1,78756,307.63671875,-1,NaN,NaN,NaN,2.21484375,NaN,1,0,292.454413672084,33.783474479286,0,0,1
VisualCogB_Task-1,1,36,80341,313.828125,-1,80909,316.046875,-1,NaN,NaN,NaN,2.21875,NaN,1,1,2000,2000,1,1,0
VisualCogB_Task-1,1,37,82430,321.98828125,-1,82997,324.203125,-1,NaN,NaN,NaN,2.21484375,NaN,1,0,305.333028152895,34.9736781872282,0,0,1
VisualCogB_Task-1,1,38,84650,330.66015625,-1,85218,332.87890625,-1,NaN,NaN,NaN,2.21875,NaN,1,0,570.870527199207,36.2554360265507,0,0,1
VisualCogB_Task-1,1,39,86791,339.0234375,1,87358,341.23828125,1,NaN,NaN,NaN,2.21484375,NaN,1,0,372.869459067674,45.4108491645686,0,0,1
VisualCogB_Task-1,1,40,88927,347.3671875,1,89495,349.5859375,1,NaN,NaN,NaN,2.21875,NaN,1,0,470.405127031357,58.6251621271077,0,0,1
VisualCogB_Task-1,1,41,91092,355.82421875,-1,91659,358.0390625,-1,NaN,NaN,NaN,2.21484375,NaN,1,0,158.93797207599,27.2526131074999,0,0,1
VisualCogB_Task-1,1,42,93192,364.02734375,1,93760,366.24609375,1,NaN,NaN,NaN,2.21875,NaN,1,0,284.702830548562,34.9431601434349,0,0,1
VisualCogB_Task-1,1,43,95341,372.421875,1,95909,374.640625,1,NaN,NaN,NaN,2.21875,NaN,1,0,488.380254825666,26.6727702754254,0,0,1
VisualCogB_Task-1,1,44,97458,380.69140625,1,98025,382.90625,1,NaN,NaN,NaN,2.21484375,NaN,1,0,187.319752803845,33.2951857785916,0,0,1
VisualCogB_Task-1,1,45,99706,389.47265625,1,100274,391.69140625,1,NaN,NaN,NaN,2.21875,NaN,1,0,80.3845273517968,33.5698481727321,0,0,1
VisualCogB_Task-1,1,46,101999,398.4296875,-1,102566,400.64453125,-1,NaN,NaN,NaN,2.21484375,NaN,1,0,907.66765850309,40.6805523765927,0,0,1
VisualCogB_Task-1,1,47,104199,407.0234375,-1,104766,409.23828125,-1,NaN,NaN,NaN,2.21484375,NaN,1,0,994.552529182879,27.9850461585413,0,0,1
VisualCogB_Task-1,1,48,106295,415.2109375,1,106863,417.4296875,1,NaN,NaN,NaN,2.21875,NaN,1,0,751.506828412299,30.6095979247732,0,0,1
VisualCogB_Task-1,1,49,108396,423.41796875,1,108963,425.6328125,-1,NaN,NaN,NaN,2.21484375,NaN,1,0,105.012588693065,27.6188296330206,0,0,1
VisualCogB_Task-1,1,50,110569,431.90625,-1,111136,434.12109375,-1,NaN,NaN,NaN,2.21484375,NaN,1,0,975.417715724422,121.24818799115,0,1,0
VisualCogB_Task-1,1,51,112657,440.0625,1,113225,442.28125,1,NaN,NaN,NaN,2.21875,NaN,1,0,549.996185244526,28.2291905088882,0,0,1
VisualCogB_Task-1,1,52,114758,448.26953125,-1,115325,450.484375,-1,NaN,NaN,NaN,2.21484375,NaN,1,0,244.510566872664,31.7387655451286,0,0,1
VisualCogB_Task-1,1,53,116898,456.62890625,1,117466,458.84765625,1,NaN,NaN,NaN,2.21875,NaN,1,0,85.2063782711529,28.5038529030289,0,0,1
VisualCogB_Task-1,1,54,118979,464.7578125,-1,119546,466.97265625,-1,NaN,NaN,NaN,2.21484375,NaN,1,1,2000,2000,1,1,0
VisualCogB_Task-1,1,55,121068,472.91796875,1,121635,475.1328125,1,NaN,NaN,NaN,2.21484375,NaN,1,0,567.788204776074,24.9027237354086,0,0,1
VisualCogB_Task-1,1,56,123212,481.29296875,-1,123779,483.5078125,-1,NaN,NaN,NaN,2.21484375,NaN,1,0,324.223697261006,27.6798657206074,0,0,1
VisualCogB_Task-1,1,57,125305,489.46875,1,125872,491.68359375,1,NaN,NaN,NaN,2.21484375,NaN,1,0,173.739223315786,35.4924849317159,0,0,1
VisualCogB_Task-1,1,58,127413,497.703125,1,127981,499.921875,1,NaN,NaN,NaN,2.21875,NaN,1,0,538.918135347524,156.618600747692,0,1,0
VisualCogB_Task-1,1,59,129526,505.95703125,1,130093,508.171875,1,NaN,NaN,NaN,2.21484375,NaN,1,0,674.509803921569,30.3959716182192,0,0,1
VisualCogB_Task-1,1,60,131678,514.36328125,1,132246,516.58203125,1,NaN,NaN,NaN,2.21875,NaN,1,0,72.6634622720684,32.8374151216907,0,0,1
VisualCogB_Task-1,1,61,133811,522.6953125,-1,134378,524.91015625,-1,NaN,NaN,NaN,2.21484375,NaN,1,0,596.902418554971,79.9877927824825,0,1,0
VisualCogB_Task-1,1,62,136035,531.3828125,-1,136603,533.6015625,-1,NaN,NaN,NaN,2.21875,NaN,1,0,1025.34523537041,32.8679331654841,0,0,1
VisualCogB_Task-1,1,63,138196,539.82421875,1,138763,542.0390625,1,NaN,NaN,NaN,2.21484375,NaN,1,0,662.790875104906,24.5975432974745,0,0,1
VisualCogB_Task-1,1,64,140336,548.18359375,-1,140904,550.40234375,-1,NaN,NaN,NaN,2.21875,NaN,1,0,242.160677500572,39.7650110627908,0,0,1
VisualCogB_Task-1,1,65,142449,556.4375,-1,143016,558.65234375,-1,NaN,NaN,NaN,2.21484375,NaN,1,0,360.082398718242,30.76218814374,0,0,1
VisualCogB_Task-1,1,66,144605,564.859375,-1,145173,567.078125,-1,NaN,NaN,NaN,2.21875,NaN,1,0,772.777904936293,168.368047608148,0,1,0
VisualCogB_Task-1,1,67,146682,572.97265625,1,147249,575.1875,1,NaN,NaN,NaN,2.21484375,NaN,1,0,121.492332341497,25.8487830930037,0,0,1
VisualCogB_Task-1,1,68,148775,581.1484375,1,149342,583.36328125,1,NaN,NaN,NaN,2.21484375,NaN,1,0,209.750514991989,27.2831311512932,0,0,1
VisualCogB_Task-1,1,69,150959,589.6796875,-1,151526,591.89453125,-1,NaN,NaN,NaN,2.21484375,NaN,1,0,252.903028915847,19.8672465094987,0,0,1
VisualCogB_Task-1,1,70,153080,597.96484375,-1,153647,600.1796875,-1,NaN,NaN,NaN,2.21484375,NaN,1,0,269.596398870832,28.9311055161363,0,0,1
VisualCogB_Task-1,1,71,155200,606.24609375,1,155768,608.46484375,1,NaN,NaN,NaN,2.21875,NaN,1,0,654.184786755169,21.454184786755,0,0,1
VisualCogB_Task-1,1,72,157293,614.421875,1,157860,616.63671875,1,NaN,NaN,NaN,2.21484375,NaN,1,0,421.728847180896,27.3746852826735,0,0,1
VisualCogB_Task-1,1,73,159393,622.625,-1,159961,624.84375,-1,NaN,NaN,NaN,2.21875,NaN,1,0,146.364538033112,25.4825665674831,0,0,1
VisualCogB_Task-1,1,74,161514,630.91015625,-1,162081,633.125,-1,NaN,NaN,NaN,2.21484375,NaN,1,0,107.606622415503,27.4967574578469,0,0,1
VisualCogB_Task-1,1,75,163679,639.3671875,1,164246,641.58203125,1,NaN,NaN,NaN,2.21484375,NaN,1,0,389.868009460593,22.0950637064163,0,0,1
VisualCogB_Task-1,1,76,165815,647.7109375,-1,166382,649.92578125,-1,NaN,NaN,NaN,2.21484375,NaN,1,0,390.173189898528,23.7125200274662,0,0,1
VisualCogB_Task-1,1,77,167983,656.1796875,-1,168551,658.3984375,-1,NaN,NaN,NaN,2.21875,NaN,1,0,212.222476539254,25.6046387426566,0,0,1
VisualCogB_Task-1,1,78,170140,664.60546875,-1,170707,666.8203125,-1,NaN,NaN,NaN,2.21484375,NaN,1,1,996.292057679103,31.7082475013353,0,0,0
VisualCogB_Task-1,1,79,172280,672.96484375,1,172848,675.18359375,1,NaN,NaN,NaN,2.21875,NaN,1,0,218.265049210346,39.2767223620966,0,0,1
VisualCogB_Task-1,1,80,174417,681.3125,-1,174984,683.52734375,-1,NaN,NaN,NaN,2.21484375,NaN,1,0,202.731364919509,28.0155642023346,0,0,1
VisualCogB_Task-1,1,81,176534,689.58203125,-1,177101,691.796875,-1,NaN,NaN,NaN,2.21484375,NaN,1,0,287.083237964446,33.8445105668725,0,0,1
VisualCogB_Task-1,1,82,178706,698.06640625,1,179274,700.28515625,1,NaN,NaN,NaN,2.21875,NaN,1,0,240.482185091936,35.4619668879225,0,0,1
VisualCogB_Task-1,1,83,180847,706.4296875,-1,181414,708.64453125,-1,NaN,NaN,NaN,2.21484375,NaN,1,0,270.02365148394,20.6912336919204,0,0,1
VisualCogB_Task-1,1,84,183023,714.9296875,-1,183591,717.1484375,-1,NaN,NaN,NaN,2.21875,NaN,1,0,174.044403753719,21.5762569619288,0,0,1
VisualCogB_Task-1,1,85,185124,723.13671875,1,185691,725.3515625,1,NaN,NaN,NaN,2.21484375,NaN,1,0,315.617608911269,29.3583581292439,0,0,1
VisualCogB_Task-1,1,86,187268,731.51171875,-1,187836,733.73046875,-1,NaN,NaN,NaN,2.21875,NaN,1,0,156.160830090791,23.2242313267719,0,0,1
VisualCogB_Task-1,1,87,189369,739.71875,-1,189936,741.93359375,1,NaN,NaN,NaN,2.21484375,NaN,1,0,76.6918440527961,27.3746852826735,0,0,1
VisualCogB_Task-1,1,88,191617,748.5,1,192184,750.71484375,1,NaN,NaN,NaN,2.21484375,NaN,1,1,2000,2000,1,1,0
VisualCogB_Task-1,1,89,193778,756.94140625,-1,194345,759.15625,-1,NaN,NaN,NaN,2.21484375,NaN,1,0,508.827344167239,29.9382009613183,0,0,1
VisualCogB_Task-1,1,90,195874,765.12890625,-1,196442,767.34765625,-1,NaN,NaN,NaN,2.21875,NaN,1,0,490.66910811017,32.1660181582361,0,0,1
VisualCogB_Task-1,1,91,198019,773.5078125,1,198586,775.72265625,1,NaN,NaN,NaN,2.21484375,NaN,1,0,72.7244983596549,29.755092698558,0,0,1
VisualCogB_Task-1,1,92,200135,781.7734375,1,200703,783.9921875,1,NaN,NaN,NaN,2.21875,NaN,1,1,278.446631570916,25.0858319981689,0,0,0
VisualCogB_Task-1,1,93,202260,790.07421875,-1,202827,792.2890625,-1,NaN,NaN,NaN,2.21484375,NaN,1,0,153.078507667659,28.1376363775082,0,0,1
VisualCogB_Task-1,1,94,204368,798.30859375,1,204936,800.52734375,1,NaN,NaN,NaN,2.21875,NaN,1,0,122.255283436332,25.2689402609293,0,0,1
VisualCogB_Task-1,1,95,206497,806.625,-1,207064,808.83984375,-1,NaN,NaN,NaN,2.21484375,NaN,1,0,132.692454413672,22.1560997940032,0,0,1
VisualCogB_Task-1,1,96,208558,814.67578125,1,209125,816.890625,1,NaN,NaN,NaN,2.21484375,NaN,1,0,143.984130617227,26.8863965819791,0,0,1
VisualCogB_Task-1,1,97,210654,822.86328125,-1,211222,825.08203125,-1,NaN,NaN,NaN,2.21875,NaN,1,0,179.44609750515,29.5109483482108,0,0,1
VisualCogB_Task-1,1,98,212807,831.2734375,1,213374,833.48828125,1,NaN,NaN,NaN,2.21484375,NaN,1,0,134.523537041276,26.7338063630121,0,0,1
VisualCogB_Task-1,1,99,214963,839.6953125,1,215531,841.9140625,1,NaN,NaN,NaN,2.21875,NaN,1,0,181.918059052415,26.7338063630121,0,0,1
VisualCogB_Task-1,1,100,217064,847.90234375,1,217631,850.1171875,1,NaN,NaN,NaN,2.21484375,NaN,1,0,412.939650568399,26.2149996185244,0,0,1
VisualCogB_Task-2,2,1,5135,20.0546875,-1,5703,22.2734375,1,6063,23.6796875,1,2.21875,1.40625,1,0,385.320820935378,20.0198367284656,0,0,1
VisualCogB_Task-2,2,2,7348,28.69921875,-1,7915,30.9140625,-1,8325,32.515625,-1,2.21484375,1.6015625,1,0,867.200732433051,21.6067750057222,0,0,1
VisualCogB_Task-2,2,3,9612,37.54296875,-1,10180,39.76171875,-1,10589,41.359375,-1,2.21875,1.59765625,1,0,134.706645304036,27.7103837644006,0,0,1
VisualCogB_Task-2,2,4,11872,46.37109375,1,12440,48.58984375,1,12713,49.65625,1,2.21875,1.06640625,1,0,188.723582818341,26.3065537499049,0,0,1
VisualCogB_Task-2,2,5,13997,54.671875,-1,14565,56.890625,-1,14875,58.1015625,-1,2.21875,1.2109375,1,0,194.857709620813,21.7593652246892,0,0,1
VisualCogB_Task-2,2,6,16162,63.12890625,1,16729,65.34375,-1,17038,66.55078125,-1,2.21484375,1.20703125,1,0,820.904859998474,19.5620660715649,0,0,1
VisualCogB_Task-2,2,7,18322,71.56640625,1,18890,73.78515625,1,19212,75.04296875,1,2.21875,1.2578125,1,0,923.842221713588,17.3037308308537,0,0,1
VisualCogB_Task-2,2,8,20499,80.0703125,1,21066,82.28515625,1,21348,83.38671875,1,2.21484375,1.1015625,1,0,333.043411917296,18.6160067139697,0,0,1
VisualCogB_Task-2,2,9,22631,88.3984375,1,23198,90.61328125,1,23475,91.6953125,1,2.21484375,1.08203125,1,0,157.869840543221,20.9353780422673,0,0,1
VisualCogB_Task-2,2,10,24760,96.71484375,-1,25327,98.9296875,1,25642,100.16015625,1,2.21484375,1.23046875,1,0,1033.7071793698,24.7196154726482,0,0,1
VisualCogB_Task-2,2,11,26928,105.18359375,1,27495,107.3984375,1,27850,108.78515625,1,2.21484375,1.38671875,1,0,570.229648279545,16.5102616922254,0,0,1
VisualCogB_Task-2,2,12,29132,113.79296875,1,29700,116.01171875,-1,30090,117.53515625,-1,2.21875,1.5234375,1,0,136.232547493706,16.3881895170518,0,0,1
VisualCogB_Task-2,2,13,31373,122.546875,1,31940,124.76171875,1,32294,126.14453125,1,2.21484375,1.3828125,1,0,202.670328831922,15.3505760280766,0,0,1
VisualCogB_Task-2,2,14,33577,131.15625,1,34145,133.375,-1,34524,134.85546875,-1,2.21875,1.48046875,1,1,2000,2000,1,1,0
VisualCogB_Task-2,2,15,35810,139.87890625,1,36377,142.09375,-1,36749,143.546875,-1,2.21484375,1.453125,1,0,867.994201571679,15.8083466849776,0,0,1
VisualCogB_Task-2,2,16,38034,148.56640625,1,38602,150.78515625,1,38911,151.9921875,1,2.21875,1.20703125,1,1,2000,2000,1,1,0
VisualCogB_Task-2,2,17,40199,157.0234375,-1,40766,159.23828125,-1,41095,160.5234375,-1,2.21484375,1.28515625,1,0,386.23636224918,15.5031662470436,0,0,1
VisualCogB_Task-2,2,18,42379,165.5390625,1,42947,167.7578125,-1,43319,169.2109375,-1,2.21875,1.453125,1,0,162.26443884947,17.5478751812011,0,0,1
VisualCogB_Task-2,2,19,44604,174.23046875,1,45171,176.4453125,1,45527,177.8359375,1,2.21484375,1.390625,1,0,192.294193942168,17.1206225680935,0,0,1
VisualCogB_Task-2,2,20,46812,182.85546875,-1,47379,185.0703125,1,47717,186.390625,1,2.21484375,1.3203125,1,0,1104.11230640116,23.5904478522928,0,0,1
VisualCogB_Task-2,2,21,49004,191.41796875,1,49572,193.63671875,1,49855,194.7421875,1,2.21875,1.10546875,1,0,327.763790341039,16.1135271229114,0,0,1
VisualCogB_Task-2,2,22,51141,199.765625,1,51708,201.98046875,-1,52055,203.3359375,-1,2.21484375,1.35546875,1,0,247.440299076829,17.5478751812009,0,0,1
VisualCogB_Task-2,2,23,53341,208.359375,-1,53909,210.578125,-1,54211,211.7578125,-1,2.21875,1.1796875,1,1,2000,2000,1,1,0
VisualCogB_Task-2,2,24,55494,216.76953125,-1,56061,218.984375,1,56410,220.34765625,1,2.21484375,1.36328125,1,0,269.993133440147,18.9211871519035,0,0,1
VisualCogB_Task-2,2,25,57694,225.36328125,-1,58262,227.58203125,-1,58596,228.88671875,-1,2.21875,1.3046875,1,0,592.080567635615,15.4116121156633,0,0,1
VisualCogB_Task-2,2,26,59879,233.8984375,1,60446,236.11328125,1,60786,237.44140625,1,2.21484375,1.328125,1,0,876.417181658656,56.2447547112231,0,1,0
VisualCogB_Task-2,2,27,62071,242.4609375,-1,62639,244.6796875,1,63011,246.1328125,1,2.21875,1.453125,1,0,651.743343251698,17.3037308308536,0,0,1
VisualCogB_Task-2,2,28,64296,251.15234375,-1,64863,253.3671875,1,65161,254.53125,1,2.21484375,1.1640625,1,0,154.207675288014,35.9502555886168,0,0,1
VisualCogB_Task-2,2,29,66448,259.55859375,-1,67016,261.77734375,-1,67344,263.05859375,-1,2.21875,1.28125,1,0,661.75326161593,37.750820172427,0,0,1
VisualCogB_Task-2,2,30,68633,268.09375,1,69200,270.30859375,-1,69560,271.71484375,-1,2.21484375,1.40625,1,0,553.414206149386,30.8537422751203,0,0,1
VisualCogB_Task-2,2,31,70845,276.734375,1,71413,278.953125,1,71759,280.3046875,1,2.21875,1.3515625,1,0,308.537422751202,26.1844815747311,0,0,1
VisualCogB_Task-2,2,32,73046,285.33203125,1,73613,287.546875,1,73903,288.6796875,1,2.21484375,1.1328125,1,0,671.946288242924,26.733806363012,0,0,1
VisualCogB_Task-2,2,33,75190,293.70703125,1,75758,295.92578125,-1,76088,297.21484375,-1,2.21875,1.2890625,1,0,419.165331502251,25.3604943923096,0,0,1
VisualCogB_Task-2,2,34,77370,302.22265625,1,77938,304.44140625,-1,78281,305.78125,-1,2.21875,1.33984375,1,0,285.526817730984,21.972991531243,0,0,1
VisualCogB_Task-2,2,35,79567,310.8046875,-1,80135,313.0234375,1,80497,314.4375,1,2.21875,1.4140625,1,0,344.640268558785,23.1631952391851,0,0,1
VisualCogB_Task-2,2,36,81784,319.46484375,1,82351,321.6796875,1,82676,322.94921875,1,2.21484375,1.26953125,1,0,626.321812771801,22.7664606698711,0,0,1
VisualCogB_Task-2,2,37,83960,327.96484375,-1,84528,330.18359375,-1,84882,331.56640625,-1,2.21875,1.3828125,1,0,144.99122606241,19.3789578088044,0,0,1
VisualCogB_Task-2,2,38,86168,336.58984375,-1,86736,338.80859375,1,87126,340.33203125,1,2.21875,1.5234375,1,0,785.442893110552,38.6358434424351,0,0,1
VisualCogB_Task-2,2,39,88413,345.359375,1,88980,347.57421875,-1,89357,349.046875,-1,2.21484375,1.47265625,1,0,311.406118867781,23.4073395895323,0,0,1
VisualCogB_Task-2,2,40,90641,354.0625,1,91209,356.28125,-1,91530,357.53515625,-1,2.21875,1.25390625,1,0,201.541161211566,20.7522697795073,0,0,1
VisualCogB_Task-2,2,41,92818,362.56640625,1,93385,364.78125,1,93693,365.984375,1,2.21484375,1.203125,1,0,801.403830014496,22.1255817502098,0,0,1
VisualCogB_Task-2,2,42,94978,371.00390625,-1,95546,373.22265625,-1,95859,374.4453125,-1,2.21875,1.22265625,1,0,518.165865568017,21.9729915312428,0,0,1
VisualCogB_Task-2,2,43,97143,379.4609375,-1,97710,381.67578125,-1,97977,382.71875,-1,2.21484375,1.04296875,1,1,2000,2000,1,1,0
VisualCogB_Task-2,2,44,99263,387.7421875,1,99831,389.9609375,-1,100214,391.45703125,-1,2.21875,1.49609375,1,0,189.394979781796,17.0290684367133,0,0,1
VisualCogB_Task-2,2,45,101499,396.4765625,-1,102067,398.6953125,1,102393,399.96875,1,2.21875,1.2734375,1,0,753.643091477836,22.5528343633171,0,0,1
VisualCogB_Task-2,2,46,103676,404.98046875,-1,104243,407.1953125,1,104548,408.38671875,1,2.21484375,1.19140625,1,0,309.117265583276,16.2966353856716,0,0,1
VisualCogB_Task-2,2,47,105832,413.40234375,1,106400,415.62109375,-1,106753,417,-1,2.21875,1.37890625,1,0,71.2596322575722,25.6046387426567,0,0,1
VisualCogB_Task-2,2,48,108041,422.03125,-1,108608,424.24609375,-1,109006,425.80078125,-1,2.21484375,1.5546875,1,0,263.645380331121,24.2313267719539,0,0,1
VisualCogB_Task-2,2,49,110294,430.83203125,1,110861,433.046875,1,111199,434.3671875,1,2.21484375,1.3203125,1,0,687.693598840315,18.4328984512092,0,0,1
VisualCogB_Task-2,2,50,112486,439.39453125,-1,113054,441.61328125,-1,113405,442.984375,-1,2.21875,1.37109375,1,1,2000,2000,1,1,0
VisualCogB_Task-2,2,51,114690,448.00390625,-1,115258,450.22265625,1,115613,451.609375,1,2.21875,1.38671875,1,0,516.792553597315,19.2568856336306,0,0,1
VisualCogB_Task-2,2,52,116899,456.6328125,-1,117466,458.84765625,-1,117814,460.20703125,-1,2.21484375,1.359375,1,0,220.767528801404,22.0035095750363,0,0,1
VisualCogB_Task-2,2,53,119099,465.2265625,1,119667,467.4453125,1,119962,468.59765625,1,2.21875,1.15234375,1,0,358.953231097887,32.318608377203,0,0,1
VisualCogB_Task-2,2,54,121248,473.62109375,1,121815,475.8359375,-1,122192,477.30859375,-1,2.21484375,1.47265625,1,1,2000,2000,1,1,0
VisualCogB_Task-2,2,55,123480,482.33984375,1,124048,484.55859375,1,124327,485.6484375,1,2.21875,1.08984375,1,0,331.303883421073,27.4662394140537,0,0,1
VisualCogB_Task-2,2,56,125613,490.671875,-1,126180,492.88671875,1,126484,494.07421875,1,2.21484375,1.1875,1,1,1008.37720302129,36.7132066834516,0,0,0
VisualCogB_Task-2,2,57,127769,499.09375,-1,128337,501.3125,1,128655,502.5546875,1,2.21875,1.2421875,1,1,762.554360265507,32.3796444647899,0,0,0
VisualCogB_Task-2,2,58,129942,507.58203125,-1,130509,509.796875,1,130846,511.11328125,1,2.21484375,1.31640625,1,0,259.616998550393,24.5365072098878,0,0,1
VisualCogB_Task-2,2,59,132130,516.12890625,-1,132698,518.34765625,1,133032,519.65234375,1,2.21875,1.3046875,1,0,488.380254825666,39.6429388876172,0,0,1
VisualCogB_Task-2,2,60,134319,524.6796875,-1,134887,526.8984375,1,135205,528.140625,1,2.21875,1.2421875,1,0,241.367208361944,28.3207446402687,0,0,1
VisualCogB_Task-2,2,61,136491,533.1640625,-1,137059,535.3828125,1,137354,536.53515625,1,2.21875,1.15234375,1,0,264.438849469749,21.1490043488213,0,0,1
VisualCogB_Task-2,2,62,138640,541.55859375,1,139207,543.7734375,-1,139592,545.27734375,-1,2.21484375,1.50390625,1,0,247.745479514763,23.6514839398794,0,0,1
VisualCogB_Task-2,2,63,140880,550.30859375,-1,141447,552.5234375,-1,141842,554.06640625,-1,2.21484375,1.54296875,1,0,514.473182269016,25.2384222171356,0,0,1
VisualCogB_Task-2,2,64,143128,559.08984375,-1,143696,561.30859375,-1,144009,562.53125,-1,2.21875,1.22265625,1,0,479.407949950408,24.8416876478216,0,0,1
VisualCogB_Task-2,2,65,145293,567.546875,1,145860,569.76171875,-1,146167,570.9609375,-1,2.21484375,1.19921875,1,0,732.799267566949,24.6585793850613,0,0,1
VisualCogB_Task-2,2,66,147453,575.984375,1,148021,578.203125,1,148369,579.5625,1,2.21875,1.359375,1,0,774.45639734493,22.369726100557,0,0,1
VisualCogB_Task-2,2,67,149654,584.58203125,1,150221,586.796875,-1,150542,588.05078125,-1,2.21484375,1.25390625,1,0,508.400091554131,41.7181658655679,0,0,1
VisualCogB_Task-2,2,68,151826,593.06640625,1,152394,595.28515625,-1,152751,596.6796875,-1,2.21875,1.39453125,1,0,1040.81788357366,20.5081254291601,0,0,1
VisualCogB_Task-2,2,69,154039,601.7109375,-1,154606,603.92578125,1,154950,605.26953125,1,2.21484375,1.34375,1,0,219.607843137255,50.8430609597926,0,0,1
VisualCogB_Task-2,2,70,156235,610.2890625,-1,156803,612.5078125,1,157098,613.66015625,1,2.21875,1.15234375,1,0,275.15068284123,36.987869077592,0,0,1
VisualCogB_Task-2,2,71,158384,618.68359375,1,158952,620.90234375,1,159329,622.375,1,2.21875,1.47265625,1,0,425.055313954375,31.8303196765087,0,0,1
VisualCogB_Task-2,2,72,160616,627.40234375,1,161184,629.62109375,1,161489,630.8125,1,2.21875,1.19140625,1,0,387.151903562982,30.7927061875333,0,0,1
VisualCogB_Task-2,2,73,162773,635.828125,1,163340,638.04296875,1,163679,639.3671875,1,2.21484375,1.32421875,1,0,291.966124971389,20.6301976043335,0,0,1
VisualCogB_Task-2,2,74,164965,644.390625,-1,165533,646.609375,1,165875,647.9453125,1,2.21875,1.3359375,1,0,292.637521934844,25.1773861295492,0,0,1
VisualCogB_Task-2,2,75,167162,652.97265625,-1,167730,655.19140625,1,168114,656.69140625,1,2.21875,1.5,1,0,294.590676737621,24.6585793850614,0,0,1
VisualCogB_Task-2,2,76,169399,661.7109375,1,169966,663.92578125,-1,170383,665.5546875,-1,2.21484375,1.62890625,1,0,271.793698023957,25.72671091783,0,0,1
VisualCogB_Task-2,2,77,171667,670.5703125,1,172235,672.7890625,-1,172516,673.88671875,-1,2.21875,1.09765625,1,0,156.740672922866,20.5081254291601,0,0,1
VisualCogB_Task-2,2,78,173804,678.91796875,-1,174371,681.1328125,-1,174730,682.53515625,-1,2.21484375,1.40234375,1,0,138.277256427863,17.3647669184406,0,0,1
VisualCogB_Task-2,2,79,176016,687.55859375,-1,176584,689.77734375,1,177052,691.60546875,1,2.21875,1.828125,1,0,885.511558709087,28.046082246128,0,0,1
VisualCogB_Task-2,2,80,178337,696.625,-1,178904,698.83984375,1,179260,700.23046875,1,2.21484375,1.390625,1,0,223.97192339971,21.4541847867551,0,0,1
VisualCogB_Task-2,2,81,180545,705.25,1,181112,707.46484375,-1,181435,708.7265625,-1,2.21484375,1.26171875,1,0,192.965590905623,24.4754711223011,0,0,1
VisualCogB_Task-2,2,82,182722,713.75390625,-1,183289,715.96875,-1,183640,717.33984375,-1,2.21484375,1.37109375,1,1,2000,2000,1,1,0
VisualCogB_Task-2,2,83,184926,722.36328125,1,185493,724.578125,-1,185843,725.9453125,-1,2.21484375,1.3671875,1,0,468.3604180972,19.7146562905318,0,0,1
VisualCogB_Task-2,2,84,187126,730.95703125,-1,187694,733.17578125,-1,188048,734.55859375,-1,2.21875,1.3828125,1,0,241.489280537118,21.1490043488214,0,0,1
VisualCogB_Task-2,2,85,189339,739.6015625,-1,189906,741.81640625,1,190305,743.375,1,2.21484375,1.55859375,1,0,928.45044632639,24.6585793850613,0,0,1
VisualCogB_Task-2,2,86,191591,748.3984375,1,192159,750.6171875,1,192488,751.90234375,1,2.21875,1.28515625,1,0,167.635614557107,20.8438239108873,0,0,1
VisualCogB_Task-2,2,87,193776,756.93359375,-1,194343,759.1484375,1,194643,760.3203125,1,2.21484375,1.171875,1,0,336.308842603189,38.513771267262,0,0,1
VisualCogB_Task-2,2,88,195928,765.33984375,1,196496,767.55859375,1,196798,768.73828125,1,2.21875,1.1796875,1,0,963.820859082933,21.8509193560692,0,0,1
VisualCogB_Task-2,2,89,198085,773.765625,-1,198652,775.98046875,-1,198979,777.2578125,-1,2.21484375,1.27734375,1,0,962.233920805676,18.4939345387961,0,0,1
VisualCogB_Task-2,2,90,200265,782.28125,1,200833,784.5,1,201158,785.76953125,1,2.21875,1.26953125,1,0,232.303349355306,19.1348134584573,0,0,1
VisualCogB_Task-2,2,91,202446,790.80078125,-1,203013,793.015625,1,203307,794.1640625,1,2.21484375,1.1484375,1,0,881.086442359045,25.4215304798962,0,0,1
VisualCogB_Task-2,2,92,204594,799.19140625,-1,205162,801.41015625,-1,205533,802.859375,-1,2.21875,1.44921875,1,0,316.563668268864,22.1866178377967,0,0,1
VisualCogB_Task-2,2,93,206819,807.8828125,1,207386,810.09765625,1,207682,811.25390625,1,2.21484375,1.15625,1,0,239.597161821927,31.3420309758144,0,0,1
VisualCogB_Task-2,2,94,208963,816.2578125,-1,209531,818.4765625,1,209934,820.05078125,1,2.21875,1.57421875,1,0,511.726558327611,27.7409018081941,0,0,1
VisualCogB_Task-2,2,95,211220,825.07421875,1,211787,827.2890625,1,212077,828.421875,1,2.21484375,1.1328125,1,0,260.746166170748,30.151827267872,0,0,1
VisualCogB_Task-2,2,96,213364,833.44921875,1,213932,835.66796875,-1,214367,837.3671875,-1,2.21875,1.69921875,1,0,638.895246814679,27.3136491950866,0,0,1
VisualCogB_Task-2,2,97,215652,842.38671875,-1,216220,844.60546875,-1,216655,846.3046875,-1,2.21875,1.69921875,1,0,301.762417029069,25.3604943923095,0,0,1
VisualCogB_Task-2,2,98,217941,851.328125,-1,218509,853.546875,-1,218861,854.921875,-1,2.21875,1.375,1,0,227.38994430457,24.7196154726482,0,0,1
VisualCogB_Task-2,2,99,220149,859.953125,1,220717,862.171875,-1,221041,863.4375,-1,2.21875,1.265625,1,0,527.626459143969,28.0460822461282,0,0,1
VisualCogB_Task-2,2,100,222326,868.45703125,-1,222893,870.671875,1,223193,871.84375,1,2.21484375,1.171875,1,0,202.548256656748,27.5577935454335,0,0,1
