record,task,window,electrode,condition,estimate,ciLow,ciHigh,nLeft,nRight
VisualCogA_Task-1,1,early_100_250ms,Fz,left,3.38979696030901,0.266461558784166,5.866903038607,41,39
VisualCogA_Task-1,1,early_100_250ms,Fz,right,-2.3100392395067,-4.88411753636209,0.690727101469587,41,39
VisualCogA_Task-1,1,early_100_250ms,Fz,right_minus_left,-5.69983619981571,-9.09073444422424,-1.36420508564433,41,39
VisualCogA_Task-1,1,early_100_250ms,F3,left,-13.8832088177705,-27.827189790063,-4.06726411586392,41,39
VisualCogA_Task-1,1,early_100_250ms,F3,right,-7.25752686498412,-15.4608381284126,1.53120701946902,41,39
VisualCogA_Task-1,1,early_100_250ms,F3,right_minus_left,6.62568195278634,-6.61477747327757,24.6210316473272,41,39
VisualCogA_Task-1,1,early_100_250ms,F4,left,-15.2599393500928,-27.6152603057238,-3.47587378481026,41,39
VisualCogA_Task-1,1,early_100_250ms,F4,right,-3.53365778235222,-15.281982710642,7.23547654740791,41,39
VisualCogA_Task-1,1,early_100_250ms,F4,right_minus_left,11.7262815677406,-6.46388244234077,27.8099662706026,41,39
VisualCogA_Task-1,1,early_100_250ms,F3_minus_F4,left,-2.1951086505489,-9.41861002512994,5.18842588940362,41,39
VisualCogA_Task-1,1,early_100_250ms,F3_minus_F4,right,-4.98349630516803,-11.4971705414792,2.80809151131398,41,39
VisualCogA_Task-1,1,early_100_250ms,F3_minus_F4,right_minus_left,-2.78838765461913,-12.2794132778225,6.81179337100117,41,39
VisualCogA_Task-1,1,late_250_500ms,Fz,left,7.45491817130883,3.90294976259747,11.1296651504707,41,39
VisualCogA_Task-1,1,late_250_500ms,Fz,right,3.81806549618222,1.41800544039174,6.23225418678599,41,39
VisualCogA_Task-1,1,late_250_500ms,Fz,right_minus_left,-3.63685267512661,-8.64601290676053,0.20096588548213,41,39
VisualCogA_Task-1,1,late_250_500ms,F3,left,-14.1368301255622,-36.8545219712102,-0.828028021443769,41,39
VisualCogA_Task-1,1,late_250_500ms,F3,right,-2.64851306495885,-16.5079826614528,7.30840089660165,41,39
VisualCogA_Task-1,1,late_250_500ms,F3,right_minus_left,11.4883170606033,-5.99431007233027,38.9516371524741,41,39
VisualCogA_Task-1,1,late_250_500ms,F4,left,-14.8421722863731,-37.6645673899505,0.624710627580583,41,39
VisualCogA_Task-1,1,late_250_500ms,F4,right,-5.72159749862311,-27.6429887197108,11.1816835955532,41,39
VisualCogA_Task-1,1,late_250_500ms,F4,right_minus_left,9.12057478774996,-13.8229215013273,35.5860738756807,41,39
VisualCogA_Task-1,1,late_250_500ms,F3_minus_F4,left,-7.98872169885325,-17.7579253889812,3.19663375399008,41,39
VisualCogA_Task-1,1,late_250_500ms,F3_minus_F4,right,-4.9702958597252,-14.856273042425,6.98460705863987,41,39
VisualCogA_Task-1,1,late_250_500ms,F3_minus_F4,right_minus_left,3.01842583912805,-11.4936565153676,18.8865218978019,41,39
VisualCogA_Task-2,2,early_100_250ms,Fz,left,4.7201496737593,-8.06036475986842,16.4791577421884,51,42
VisualCogA_Task-2,2,early_100_250ms,Fz,right,23.9826034945897,7.39178890260112,38.5255313436815,51,42
VisualCogA_Task-2,2,early_100_250ms,Fz,right_minus_left,19.2624538208303,-2.09776177265084,36.9548037514451,51,42
VisualCogA_Task-2,2,early_100_250ms,F3,left,8.48881200987034,-14.6064771197916,32.1472627971371,51,42
VisualCogA_Task-2,2,early_100_250ms,F3,right,51.1631692199105,21.1887107311017,78.263699099702,51,42
VisualCogA_Task-2,2,early_100_250ms,F3,right_minus_left,42.6743572100401,4.96695258673069,82.8969477968582,51,42
VisualCogA_Task-2,2,early_100_250ms,F4,left,16.3720030527329,-2.32584843922052,35.6178431967677,51,42
VisualCogA_Task-2,2,early_100_250ms,F4,right,38.0258226605789,17.4463628657379,54.7443183280062,51,42
VisualCogA_Task-2,2,early_100_250ms,F4,right_minus_left,21.653819607846,-10.7531380975974,48.3989037541937,51,42
VisualCogA_Task-2,2,early_100_250ms,F3_minus_F4,left,-11.2622727451831,-21.8107653557455,-1.21577959647598,51,42
VisualCogA_Task-2,2,early_100_250ms,F3_minus_F4,right,9.00007802881829,-3.05012009494864,21.9148830309498,51,42
VisualCogA_Task-2,2,early_100_250ms,F3_minus_F4,right_minus_left,20.2623507740014,6.51498961137916,36.0262018522562,51,42
VisualCogA_Task-2,2,late_250_500ms,Fz,left,16.7850033916492,-0.370868818970174,36.5622677898056,51,42
VisualCogA_Task-2,2,late_250_500ms,Fz,right,43.0745858861525,20.8523056855513,68.2603968859361,51,42
VisualCogA_Task-2,2,late_250_500ms,Fz,right_minus_left,26.2895824945032,-3.32614667438413,60.1263649203783,51,42
VisualCogA_Task-2,2,late_250_500ms,F3,left,23.8618601274788,-11.6971518524319,59.7200692171504,51,42
VisualCogA_Task-2,2,late_250_500ms,F3,right,85.0066954916721,38.1613535009633,126.162516660622,51,42
VisualCogA_Task-2,2,late_250_500ms,F3,right_minus_left,61.1448353641933,1.07860312737885,120.957193577327,51,42
VisualCogA_Task-2,2,late_250_500ms,F4,left,32.0571434363121,3.09778840088108,63.7012930393737,51,42
VisualCogA_Task-2,2,late_250_500ms,F4,right,69.0631161536688,37.3330585339426,101.357529917903,51,42
VisualCogA_Task-2,2,late_250_500ms,F4,right_minus_left,37.0059727173567,-7.3310057689246,82.0324773114299,51,42
VisualCogA_Task-2,2,late_250_500ms,F3_minus_F4,left,-14.7396118983628,-29.4466219274083,-0.0593131373495174,51,42
VisualCogA_Task-2,2,late_250_500ms,F3_minus_F4,right,12.1293106069918,-4.56178675001387,31.3789864002191,51,42
VisualCogA_Task-2,2,late_250_500ms,F3_minus_F4,right_minus_left,26.8689225053545,4.69074678031348,53.5831012234103,51,42
VisualCogB_Task-1,1,early_100_250ms,Fz,left,7.43938974858371,-1.40778101933405,16.4999391146778,41,46
VisualCogB_Task-1,1,early_100_250ms,Fz,right,7.45089367556501,-2.9551457290227,24.9485918675129,41,46
VisualCogB_Task-1,1,early_100_250ms,Fz,right_minus_left,0.0115039269812955,-14.7966997040092,23.0699111255847,41,46
VisualCogB_Task-1,1,early_100_250ms,F3,left,-7.84910055981198,-21.992725845081,7.44884575070621,41,46
VisualCogB_Task-1,1,early_100_250ms,F3,right,-8.49647400672738,-23.9354051465122,3.24588644837445,41,46
VisualCogB_Task-1,1,early_100_250ms,F3,right_minus_left,-0.647373446915402,-20.556515439016,19.5857021857683,41,46
VisualCogB_Task-1,1,early_100_250ms,F4,left,6.9481014724171,-4.02460509661519,20.128480053789,41,46
VisualCogB_Task-1,1,early_100_250ms,F4,right,-8.67816998286838,-23.6508263549498,4.84099958795029,41,46
VisualCogB_Task-1,1,early_100_250ms,F4,right_minus_left,-15.6262714552855,-36.112430759131,1.14007866645474,41,46
VisualCogB_Task-1,1,early_100_250ms,F3_minus_F4,left,-14.3871522844517,-29.7900384610685,-1.32086961082682,41,46
VisualCogB_Task-1,1,early_100_250ms,F3_minus_F4,right,0.0793612853314083,-8.26268179049151,8.32822544481336,41,46
VisualCogB_Task-1,1,early_100_250ms,F3_minus_F4,right_minus_left,14.4665135697831,-1.44591341623628,31.4212589063522,41,46
VisualCogB_Task-1,1,late_250_500ms,Fz,left,15.5983662442543,1.315951713191,31.041661830335,41,46
VisualCogB_Task-1,1,late_250_500ms,Fz,right,13.5285090312155,-2.22575332753815,41.5714482585566,41,46
VisualCogB_Task-1,1,late_250_500ms,Fz,right_minus_left,-2.06985721303874,-25.0054382071501,26.0566853512792,41,46
VisualCogB_Task-1,1,late_250_500ms,F3,left,5.94893990857944,-21.8466500351501,26.7314626285281,41,46
VisualCogB_Task-1,1,late_250_500ms,F3,right,-8.32430908855484,-30.3779615046397,11.0921495125185,41,46
VisualCogB_Task-1,1,late_250_500ms,F3,right_minus_left,-14.2732489971343,-43.0116799995976,21.5058090853279,41,46
VisualCogB_Task-1,1,late_250_500ms,F4,left,16.8392784457743,0.727018322460789,33.8444679313925,41,46
VisualCogB_Task-1,1,late_250_500ms,F4,right,-8.09355546668712,-32.3368828564439,12.8979227015446,41,46
VisualCogB_Task-1,1,late_250_500ms,F4,right_minus_left,-24.9328339124614,-54.8376583375029,2.54458717724866,41,46
VisualCogB_Task-1,1,late_250_500ms,F3_minus_F4,left,-10.5452674065873,-36.5606223195802,9.51229592226041,41,46
VisualCogB_Task-1,1,late_250_500ms,F3_minus_F4,right,-3.93942049345996,-15.3029503944056,8.28300342323415,41,46
VisualCogB_Task-1,1,late_250_500ms,F3_minus_F4,right_minus_left,6.6058469131273,-18.5148821866136,32.7404808933094,41,46
VisualCogB_Task-2,2,early_100_250ms,Fz,left,30.7609927787405,8.14499579181589,51.6118966613067,44,46
VisualCogB_Task-2,2,early_100_250ms,Fz,right,23.4864337452448,8.68332414722159,44.4537173309954,44,46
VisualCogB_Task-2,2,early_100_250ms,Fz,right_minus_left,-7.27455903349572,-35.3088456474369,21.455763448383,44,46
VisualCogB_Task-2,2,early_100_250ms,F3,left,10.2443901478949,-19.1336599819982,51.3219356717321,44,46
VisualCogB_Task-2,2,early_100_250ms,F3,right,12.5447813765342,-18.2134408407601,51.6841309619029,44,46
VisualCogB_Task-2,2,early_100_250ms,F3,right_minus_left,2.30039122863932,-48.6063594988257,49.878602538103,44,46
VisualCogB_Task-2,2,early_100_250ms,F4,left,38.7431919906379,3.87867626624286,72.4045414826586,44,46
VisualCogB_Task-2,2,early_100_250ms,F4,right,32.6442079278093,10.2440025879683,65.991794079501,44,46
VisualCogB_Task-2,2,early_100_250ms,F4,right_minus_left,-6.09898406282854,-48.4381881792157,41.1889294028438,44,46
VisualCogB_Task-2,2,early_100_250ms,F3_minus_F4,left,-17.7676742288996,-29.4523512734197,-4.83674351866962,44,46
VisualCogB_Task-2,2,early_100_250ms,F3_minus_F4,right,-15.4588630120308,-29.5195377140174,-1.23394555606898,44,46
VisualCogB_Task-2,2,early_100_250ms,F3_minus_F4,right_minus_left,2.30881121686883,-18.3020328021781,21.5786984316118,44,46
VisualCogB_Task-2,2,late_250_500ms,Fz,left,51.0596271238097,11.3022797329289,95.290519234986,44,46
VisualCogB_Task-2,2,late_250_500ms,Fz,right,47.957128607971,17.8443069626462,86.8316374738212,44,46
VisualCogB_Task-2,2,late_250_500ms,Fz,right_minus_left,-3.10249851583869,-54.3570036772009,41.8063094100276,44,46
VisualCogB_Task-2,2,late_250_500ms,F3,left,5.87932560956807,-35.3874447985013,58.6807314212685,44,46
VisualCogB_Task-2,2,late_250_500ms,F3,right,25.2983285451868,-21.0250955483732,93.3116067186787,44,46
VisualCogB_Task-2,2,late_250_500ms,F3,right_minus_left,19.4190029356188,-61.1616147400635,90.5564443211764,44,46
VisualCogB_Task-2,2,late_250_500ms,F4,left,55.8131485312549,1.27950319669159,116.628037353901,44,46
VisualCogB_Task-2,2,late_250_500ms,F4,right,62.9152065264623,20.1003652916231,121.117420083547,44,46
VisualCogB_Task-2,2,late_250_500ms,F4,right_minus_left,7.10205799520745,-73.571972272512,75.1317644185283,44,46
VisualCogB_Task-2,2,late_250_500ms,F3_minus_F4,left,-31.489050399466,-50.4775580788833,-11.7275944020606,44,46
VisualCogB_Task-2,2,late_250_500ms,F3_minus_F4,right,-32.0896945786211,-52.7429930180917,-6.4933292753615,44,46
VisualCogB_Task-2,2,late_250_500ms,F3_minus_F4,right_minus_left,-0.600644179155072,-29.1944351749857,28.6369285475775,44,46
